No;review;Summary
2;pesan keren cod ;Keren/Pesanan keren dan bayar di tempat.
3;OKE Everthing is OK Thanks Lazada;Terima kasih, Lazada karena semuanya oke.
4;enteng baterai awet enteng dibawa kemana2 ;Baterai awet dan enteng dibawa.
5; sampe skrng pakai awet buruk sekali Kualitas harga kece Barangnya kece banget packagingnya aman rapih Trusted;Kualitas barang bagus, pengemasan aman dan rapi, awet dipakai sampai sekarang, dan dapat dipercaya.
6; Original kok beneran transfer data komputer nyampe 30 mbps ga usah diragukan recomend beli Selain bentuknya bagus flashdisk nya bagus kok kualitasnya Barang cepat packing rapi bagus God Barang diterima Very good Barang selamat kualitas flashdisk nya bagus thanks lazada;Flashdisk direkomendasikan untuk dibeli karena kualitas dan bentuknya bagus, original, serta dapat mentransfer data komputer sampai 30 mbps. Terima kasih kepada Lazada karena pengemasan cepat, rapi, dan barang diterima dengan baik.
7;OK kapasitas besar membantu utk simpan file2 penting ;Karena kapasitas besar, file-file penting dapat disimpan
8;puas pengiriman brgnya cepat barangnya jg bagus ;Barangnya bagus dan pengirimannya cepat.
9; barang okeoriginal toshibaGiliran mo beli yg 32gbeh udah gak cod Barangnya bagus sesuai ekspektasi dateng nya cepet banget cuman hari thanks lazada;Barangnya original dari Toshiba, bagus sesuai ekspektasi, dan pengiriman cepat sekali. Namun, barang tidak COD saat mau membeli 32 gb. Terima kasih, Lazada.
10; Ya gitu aja flashdisk umumnya bagus produknya barang bagus Bagus Murah bagus Toshiba Flash Disk Hayabusa 16 GB Produknya bagusberfungsi baik Secara keseluruhan oke Lima Bintang Mantap barang nympe cepat gak cacat packing rapi Flash Disk Hayabusa Barang mantap Kepake 8 gb aje Kepake 8 gb aje gak sampe 15 gb barang oke ðŸ‘Œ x08d Thankyou bagus moga2 awet ;Secara umum, Flashdisk Hayabusa 16 GB bagus, mantap, murah, berfungsi dengan baik, dan bintang lima. Barang cepat sampai dan tidak cacat karena pengemasan rapi. Flashdisk hanya terpakai 8 GB dan barang tetap oke. Terima kasih dan semoga barang awet.
11;Beli kapan ngulas produk kapan D Original Kingston produk nih 30 nya super cepet cuman sayang hilang jadi pengen punya deh sesuai deskripsi bagus tahan kuat ;Produk original Kingston ini super cepat, sesuai deskripsi, dan tahan. Namun sayang, produk hilang sehingga ingin punya  lagi. 
12; puas barangnya ;Puas
13;Oke Terima kasih barang bekerja baik kerusakaneror apapun Puas Barang sesuai waktu diperkirakan lazada barang sesuai deskripsi meskipun dus barang sesuai gambar tercantum lazada packing barangnya rapi barangnya kendala apapun ;Oke, terima kasih, barang sesuai deskripsi, bekerja baik, tanpa kendala atau kerusakan, dikemas rapi, dan sampai tepat waktu meskipun dus tidak sesuai gambar.
14; barang sesuai pesanan packingan bagus thank you Mantap Sesuai deskripsi barang terima oke punya Lima Bintang Pengiriman cepat produk sesuai deskripsi Pengiriman Super Cepatproduces sesuai Salut Utomo seler Lima Bintang ;Barang bagus, mantap, sesuai pesanan, dan sesuai deskripsi. Pengiriman super cepat dan pengemasan bagus. Terima kasih dan bintang lima untuk penjual Salut Utomo.
15;Mantap packingan terasa kurang aman Barang terima baik Balikpapan gan thx Cuman saran packing nya kasih buble wrap bagaimana more secure ;Terima kasih, gan barang diterima dengan baik di Balikpapan. Saran saja, packing-nya diberi bubble wrap agar lebih aman.
16; Recomended seler Packing aman rapi barang 3 hari Barang dicoba jalan sempurna salut ti kenkez kagum dg kenkez dg pengiriman super cepat pesan tgl 1tgl 3 barang uda nyampe makasih kenkez laxada Brg original God Barang cepat new model garansi 3 thn semoga awet Thanks Lazada Mantab respon pihak kenkez cepet abis gak pake lama 2 hari lgsg sampe bagus Instalasi sulit Tidak digunakan suport produser tuntas Hd Garansi brp lama bos ;Kenkez adalah recomended seller karena respons cepat, pengemasan aman dan rapi. Kagum dengan pengiriman Kenkez yang super cepat karena barang sampai dalam 2 hari (pesan tanggal 1, tanggal 3 sudah sampai). Barang original, model baru, garansi 3 tahun, tetapi instalasi sulit digunakan. Terima kasih Kenkez dan Lazada. Semoga barangnya awet.
17; Thanks barang sehari langsung sampe sesama Jakarta Kemasan nya rapi Thankyou buat lazada kenkez;Dalam sehari, barang langsung sampai karena sesama di Jakarta. Kemasannya juga rapi. Terima kasih Kenkez dan Lazada.
18; pengiriman cepatbarang oke mantap God Product berfungsi baik ;Barang bagus, mantap, berfungsi dengan baik, dan pengiriman cepat.
19;Dua Bintang Barang nyampe selamat coba barangnya sesuai gambar mantap ;Bintang dua untuk barang karena tidak sesuai gambar meskipun sudah sampai dengan selamat.
20; barang sesuai barang sesuai;Barang sesuai
21; Thx seler Product packing yg sangat aman Barang jg original Kecewa Kenapa retak ga d pake gmna mau komplen puas men aku gak kecewa beli lazada ;Terima kasih. Seller. Produk original dan pengemasan sangat aman. Saya tidak kecewa beli di Lazada, tetapi kecewa karena produk retak padahal tidak digunakan. Lalu, bagaimana mau komplain?
22;Cepat Tepat Rapi Penjual Bintang 5 Pesan SanDisk USB Flasdisk CZ3 32GB Cruzer Hitam tangal 1 Jan 2016 perkiran barang 19 Jan 2016 barang diterima tangal 15 Jan 2016 Kemasan rapi barang sesuai pesanan kondisi baik Highly recomended ;Flashdisk SanDisk USB CZ3 32 GB Cruzer hitam diterima dalam kondisi baik, kemasan rapi, dan sesuai. Penjual sangat direkomendasikan karena rapi, cepat, dan tepat. Barang dipesan tanggal 1 Januari 2016 dan diterima tanggal 15 Januari 2016 padahal perkiraan sampai 19 Januari 2016.
23; Sangan bagus berfungsi baik hinga sat dipakai HP mantab ;Mantap, HP berfungsi baik hingga dipakai.
24;respon cepat barang bagus harga murah berkualitas hebat good sip;Respon cepat, barang bagus, harga murah, dan berkualitas.
25;Mantap Cepet nyampenya ;Mantap, cepat sampainya.
26; pesanan udah mendarat tengkyu fast respon barang sesuai ditawarkan Fast Respon Pesan hari rabu 582015 Hari jumat 752015 barang ditangan ;Barang sesuai dengan yang ditawarkan. Terima kasih karena respons cepat sehingga barang sudah ditangan padahal pesan hari Rabu dan sampai hari Jumat.
27;Tidak sesuai iklan Barang Bagus Cuma Di Warna Tidak Sesuai Iklan Kurang memuaskan Batang gambar Dan warnanya motif benda ;Meskipun bagus, barang tidak sesuai iklan karena motif dan warnanya beda.
28; barangnya sangat berkualitas tipis pokoknya oke banget ;Oke, barang sangat berkualitas.
29; Flasdisk 8 gb Bisa bayar ditempat ngak ;Flashdisk 8 GB, bisa bayar di tempat?
30; bagus;Bagus
31;hidup Mantap ;Mantap, hidup.
32;Barang oke Barang diterima baik sesuai keterangan ;Barang diterima dengan baik dan sesuai.
33;Puas SERVICE MEMUASKANPROSES SECEPAT KILATBARANG OKE BANGET KEMASAN PAKET MANTABRECOMENDED DECH ;Pelayanan memuaskan karena proses secepat kilat, kemasan paket mantap, dan barang sangat oke. Puas dan direkomendasikan.
34; Bagus hardisknyaUdah lama awet ;Hardisk-nya bagus dan awet.
35;Ulasan telat Maf gan br reviewsy udh pake 15 thun Dan slama tdk kendala ;Sudah dipakai 15 tahun dan tidak ada kendala. Maaf gan, ulasan telat.
36; bagus sedikit besar memakai listrik jadi susah dibawa bawa Thanks pesanan cepat Barang sdh dipakai Bagus;Barang sudah dipakai dan bagus, tetapi sedikit besar dan memakai listrik sehingga susah dibawa-bawa. Terima kasih karena pesanan cepat.
37; Cepet banget Barang yg dikirim cepat responyabarang digunakan baik ;Barang baik digunakan, dikirim sangat cepat, dan respons juga cepat.
38;Sandisk Ultra 64 gb usb 30 Sip barangnya bagus pas promo haha Original product Thanks seler and LAZADA Mantap Mantap barangnya walaupun ringkih Tolong ditambah transcend dong yg 30 Lima Bintang Lima Bintang ;Sip, Sandisk Ultra 64 gb USB 30 bagus, original, mantap, dan bintang lima meskipun barangnya ringkih. Tolong ditambah transcend yang 30. Terima kasih seller dan Lazada.
39; Tx lazada cpt bagus ;Terima kasih Lazada karena cepat dan bagus.
40; sangat puas;sangat puas
41; Barang bagus pengirman cepat mantab deh;Mantap, barang bagus dan pengiriman cepat.
42; so far puas produk harga fasilitas yg didapat sangat sebanding pengirimanya 2 hari thanks lazada;Sejauh ini, produk dan harga puas, pengirimannya 2 hari, serta fasilitas sangat sebanding. Terima kasih, Lazada.
43; mantap sesuai pesanan Sandisk Flashdisk cz48 USB 30 16GB Barang terima baik sesuai pesanan sangat puas Satisfied Great its like what I expected kualitas oke datang jg cepethanks ;Mantap, Flashdisk Sandisk cz48 USB 30 16 gb diterima baik, kualitas bagus, sesuai pesanan, seperti yang diharapkan, dan cepat datang. Terima kasih.
44; Barang OK Banget ;Barang sangat oke.
45;Bagus Pengiriman cepat mau penjual pihak JNEnya Sesuai sama yg foto Pokoknya bagus Terima kasih Sukses terus ;Bagus, sesuai sama yang difoto, dan pengiriman cepat, baik dari penjual maupun pihak JNE-nya. Terima kasih dan sukses terus.
46; bagus Recomended limited edition harganya bersaing sekali kualitas barang okelah barang bagus awet sayang akhirnya hilang Cute flashdisk Lucu flashdisknyatp isinya 14gb Hanya 145GB Barang sesuai gambar lucu kapasitasnya 145 GB bukan 16 GB harganya miring cepet lucu modelnya Thankyou;Kualitas Flasdisk dengan kapasitas 145 GB bagus dan awet, recomended, edisi terbatas, harga bersaing,  serta modelnya lucu sesuai gambar. Namun, sayang akhirnya flashdisk hilang. Terima kasih.
47; suka model helo kity blingbling nyabisa dipakai makasih;Terima kasih karena suka modelnya hello kitty, bling-bling, dan bisa dipakai. 
48;Recomended Seler Barang cepat diterima keadan baik Recomended Seler;Penjual direkomendasikan karena barang diterima dengan cepat dan keadaan baik.
49;Kecewa Barang terima kotor kayak barang bekas casenya tanah2nya coba bersihin pake kanebo air nempel Menurut selernya ga profesional bgt ngirim barang kotor ga bersihkan dulu Buat mau beli pikir2 lah dulu meski harganya murah kalo dekil ga kepakai Barangnya bagusRECOMENDED ðŸ˜‰ x08d Empat Bintang Pengiriman cepat kualitas sesuai harga Mantap Barang diterima selamat Harga murah bagus God product Bagus koq Masih ready stok masmba ;Kecewa, barang diterima kotor dan case-nya penuh tanah seperti bekas. Dicoba bersihkan pakai kanebo dan air, tetapi  nempel. Penjual tidak profesional karena mengirim barang tanpa dibersihkan dulu. Meskipun harganya murah, pikirkan kembali sebelum membeli jika barang dekil dan tidak terpakai. Namun, pengiriman cepat dan diterima selamat, harga murah dan kualitas sesuai harga, bintang empat, serta masih tersedia stok.
50;Puas Ordernya tgl 07042015 barangnya tgl 09042015 cepat banget yah Barangnya sesuai gambar web Coba telpon supliernya tanya cara pakainya ternyata telelpon tercantum nyambung disambut baik pelayanya Puas pelayananya Thanks Lazada ;Order tanggal 07/04/2015, barang diterima tanggal 09/04/2015, sangat cepat. Barang sesuai dengan gambar di web. Saat menelepon supplier untuk menanyakan cara pakai, telepon tersambung dan disambut baik oleh pelayan. Sangat puas dengan pelayanannya. Terima kasih, Lazada.
51; barang mungil bgt cman sped 10MBps udh isinya gede 2 tb kgk abis2 ;Barang mungil, speed 10 MBps, dan isinya 2 TB.
52; EX2 emng keren abiz cetar membahana hmpir semua org kagum sama cara kerjanya alhamdulilaha aku puas banget sama produk satu thanks kenkez jadi ketagihan nih beli lazada ;Alhamdulillah, aku puas sama produk ini karena EX2 keren dan hampir semua orang kagum sama kerjanya. Terima kasih Kenkez karena jadi ketagihan beli di Lazada.
53; kualitas bagus Produk bagus sesuai ekspektasi Harga bersaing ;Kualitas produk bagus, sesuai ekspektasi, dan harga bersaing.
54;Barang smpai Saya pesan hardisk tangal 2 juni fasilitas gosend dihari sama Tapi sekarang blm smpai Mohon segera proses;Saya pesan hardisk pada 2 Juni dengan fasilitas Gosend di hari yang sama, tetapi sekarang barang belum sampai. Mohon segera diproses.
55;Recomended Barang tiba sesuai pesanan kualitas terjamin Recomended Produknya bagus kok pengirimanya lumayan cepat Terima Kasih Lazada ;Produknya recomended, bagus, kualitas terjamin, tiba sesuai pesanan, dan pengiriman lumayan cepat. Terima kasih, Lazada.
56;col onlineshop Tanks Lazada Kenkez n DeliveryBoy Lazada yg cekatan sesuai dgn pesanan n proses yg cpt smpe barang ane trima next ane order lg sukses selalu Lazada Distributor Kenkez NICE SERVICE barangnya bagus kemarin dapatnya pas murah bawah harga menulis review DThanks kenkez nice;Thanks Lazada, Distributor Kenkez, dan DeliveryBoy yang cekatan, proses cepat, sesuai dengan pesanan, dan barang sudah diterima. Barang bagus, kemarin dapat harga murah. Nice service, next order lagi. Sukses selalu!
57; Terima kasih digunakan semoga awÃ©t cepat rusak tegangan listrik Lima Bintang Barang sesuai deskripsi ;Barang sesuai deskripsi dan semoga awet. Terima kasih.
58;Harga Terlalu Mahal Produk standar mahal lebih mahal disini harganya toko sebelah ;Produk standar, tetapi harga terlalu mahal. Lebih mahal di sini daripada toko sebelah.
59; pemakaian darurat lumayan bantunyalain sebatang mah;Pemakaian darurat dan lumayan bantu menyalakan sebatang.
60;Layanan baik produk Barangnya terima dicoba berfungsi baik Layanan penjual baik cepat Terima kasih ;Barang diterima dan dicoba berfungsi baik. Layanan dan penjual baik dan cepat. Terima kasih.
61; pengiriman cepat spec sesuai tertera ;Pengiriman cepat dan spec sesuai tertera.
62;Pas Ukuran lumayan mungil pas buat pasangan powerbank ponsel jadi aman tersimpan;Pas untuk pasangan powebank ponsel, ukuran lumayan mungil, dan aman tersimpan.
63; Barangnya selamat berfungsi sempurna; Barangnya selamat dan berfungsi sempurna.
64; Barang sesuai deskripsi pesanan; Barang sesuai dengan deskripsi pesanan.
65; mantap ;mantap
66;good sesuai pesanan;Good, sesuai pesanan.
67;Terimah kasih atas barangnya Barangnya bagus packingnya rapi senang sekali thank you;Senang sekali, barangnya bagus dan pengemasannya rapi. Terima kasih.
68; Excelent;Excellent/Bagus sekali
69;Mantap Barang oke packaging rapi pengiriman cepat Beli HD pas Harbolnas 1 Des Kirain bakalan nyampe lama Ternyata tgl 14 udah nyampe Makasih JVP Lazada;Mantap, barang oke, packaging rapi, dan pengiriman cepat. Beli HD pas Harbolnas 1 Desember, kirain bakal lama, ternyata tanggal 14 sudah sampai. Makasih JVP Lazada!
70;Tanya nih Bener nih ful hd digital Lima Bintang ;Benar full HD dan bintang lima.
71; Semua berjalan mksh lazada;Terima kasih Lazada karena semua berjalan.
72;KECEWA lewat batas pengiriman barang;Kecewa karena lewat batas pengiriman barang.
73;Bagus Barangx bagus sesuai gambar makasi;Barangnya bagus karena sesuai gambar. Makasih!
74; Packing rapi barang sesuai pesanan Berfungsi baik sped 85MBs copy data bagus terjangkau produk bagus harga terjangkau Berfungsi mana mestinya packing barng baguspengiriman cepat cuman packingnya kurang mantab karna bagian gag penganjal ;Barang sesuai pesanan, packing rapi, berfungsi baik, speed 85MB/s, copy data bagus, harga terjangkau, pengiriman cepat, tetapi packing bagian gag kurang mantap karena tanpa pengganjal.
75;usb flashdrive for ios and android usb diterima lebih cepat info barang nya sesuai spek dicantumkan lazada tks;USB Flashdrive for ios dan android sesuai spek yang dicantumkan dan diterima lebih cepat. Terima kasih, Lazada.
76;Recomended Barang terima selamat sesuai gambar merk kapasitas sesuai SANDISK 8GB Terimakasih God Flashdisknya bagus sesuai dgn pesanan ;Sandisk 8 GB bagus karena merek dan kapasitas sesuai dengan pesanan. Barang diterima selamat dan recomended. Terima kasih. 
77; Barang bagus sesuai dgn gambar pengiriman cepaterima kasih lazada mantap tap tap Brgnya ori hologram datascripuas belanja disini Mantulsemoga awet Keren banget deh Gak rugi beli Flashdisk ;Flashdisk sesuai gambar, barang bagus, pengiriman cepat, hologram Datascrip ori. Puas belanja di sini, mantap dan keren, dan semoga awet.
78;Ok Produk bagus ;Oke, produk bagus.
79;Deskripsi yg sangat akurat Barang yg dtg hd transcend 25m3 warna biru bukan 25h3 purple;Deskripsi sangat akurat, barang yang datang HD, transcend 25m3 warna biru, dan bukan 25h3 purple.
80; Wel beautifuland easy to use;Sangat cantik dan mudah digunakan/Beautiful and easy to use.
81; WelenIts so goodand fast deliveryWhen I got itits intact package realy durableHighly recomended itThanks seler and lazada;Welen sangat bagus dan sangat direkomendasikan. Pengiriman cepat, dan saat saya menerimanya, kemasan utuh serta sangat kuat. Terima kasih kepada penjual dan Lazada
82; ;
83; BELANJA DI LAZADA OK PUNYA BARANG SUDAH DI TERIMA SESUAI GAMBAR THX;Barang sudah diterima dan sesuai gambar. Belanja di Lazada oke.
84;Useful so far so good Enough Capacity and working good;Sejauh ini berguna, kapasitasnya cukup baik dan berfungsi dengan baik/So far so good, good enough capacity  and working good.
85;Value for money You wont regret if you buy it its durable Thanks Lazada ;Value for money, you won't regret it because it's durable. Thanks, Lazada/ Anda tidak akan menyesal karena tahan lama. Terima kasih, Lazada
86; Value for money perfect one The price is low satisfied;The price is low and the value for money is perfect/ Harganya puas, murah, dan sempurna
87; on mahal;Mahal
88;DONE MANTAP SESUAI EKSPENTASI;Mantap, sesuai ekspektasi.
89; USB 8GB ga pakai;USB 8 GB tidak dipakai
90; sesuai gambar sesuai harapan;Sesuai gambar dan sesuai harapan.
91;Value for money Satisfied with the product the item was goodand so fast delivery;Satisfied with the product, the item was good and delivery was fast/ Puas dengan produknya, barangnya bagus dan pengirimannya cepat.
92;puas pengiriman cepat barang sesuai Superb Barang lancar dipakai lengkap sarung So far g da masalah selama dipakai pc smart tv sending dri hp pake otg hd Col stuf Mantap Barang diterima 1 hari sejak pemesanan Sesuai gambar pesanan Pengriman 1 hari sejak pemesanan Sesuai spec Barang sdh kurang 6 hari packing bagus sesuai specsukses lazada;Pengiriman cepat, barang sesuai spesifikasi, lengkap, dan lancar dipakai. Barang diterima 1 hari sejak pemesanan dengan packing bagus. Tidak ada masalah selama digunakan pada PC, smart TV, atau HP dengan OTG. Mantap, sukses Lazada!
93;Termurah dibanding Website lainya barang mantab paling murah ecomerce lainya jalan sesuai Murah Bagus senang belanja dilazada Flashdisk Barangnya okepengirimanya cepatapi harganya naik turun Kualitas bagus Sesuai dgn gambar;Flasdisk mantap, murah, kualitas bagus, sesuai gambar, dan pengiriman cepat.  Meskipun termurah dibanding website lain, harga naik-turun. Senang belanja di Lazada. 
94;Flaskdisk sansdik Barang bekerja baik trimakasih lazada;Flasdisk Sandisk bekerja dengan baik. Terima kasih, Lazada.
95; Great item;Great item/Barang yang bagus.
96;rekomen banget produk keren harga 4 jt rekomen banget bagus banget buat suka main game bagus banget prosesor fitur memadai thanks banget Lazada;Produk keren dengan harga 4 juta, rekomen banget buat yang suka main game, prosesor dan fitur memadai, thanks Lazada!
97;Tolong kabari Tolong kabari stoknya;Tolong kabari stoknya
98; bagus;bagus
99; murah murah;murah
100;Value for money Very good item Worked perfectly Fast delivery within 1 wek God one God one just I want Satisfied nice itembut I wana and wil buy one larger in this seler He is so good;Very good item, worked perfectly, fast delivery within 1 week. Satisfied with the item, will buy a larger one from this seller./ Barang yang sangat bagus, bekerja dengan sempurna, pengiriman cepat dalam waktu 1 minggu. Puas dengan barangnya.
101; Wel Very good item Delivery faster than I expected;Very good item, delivery was faster than I expected./ Barang yang sangat bagus, pengiriman lebih cepat dari yang saya harapkan.
102; The item itself suits my preference and expectations GOD Cheap price but high quality;The item suits my preference and expectations, cheap price but high quality./ Barangnya sesuai dengan preferensi dan harapan saya, harga murah tapi berkualitas tinggi.
103;perfect You wont regret if you buy it its durable and very easy to useSatisfied and Thanks Lazada ;Perfect, you won t regret buying it, it s durable and easy to use. Satisfied, thanks Lazada./ Sempurna, Anda tidak akan menyesal membelinya, tahan lama, dan mudah digunakan. Puas, terima kasih Lazada.
104;Status pengiriman Status dikirim kok;Status sudah dikirim
105; Bagus bagus Barang blum Status dikirim deskripsi nya baru terima sama penjual blom nerima barang nya nih dah lewat tgl perkiran harusnya terakhir tgl 30 sekarang dah 31;Barang belum dikirim, deskripsi baru diterima dari penjual. Barang belum diterima, sudah lewat perkiraan tanggal terakhir, seharusnya 30, sekarang 31.
106; semoga cepet semoga benerÂ² real 32gb;Semoga cepat dan benar real 32 GB.
107; Produk bagusesuai deskripsi produk Lima Bintang Bagus;Produk bagus, sesuai deskripsi, dan bintang lima.
108;Hard disk external speaker Barang tSb blm Pd sdh dpt sms barang sdh dikirim Mohon konfirmasinya ;Barang belum ada, padahal sudah dapat SMS bahwa barang sudah dikirim. Mohon konfirmasi
109;Kecewa Produk sesuai gambar Yang diterima LCD maupun menu berbeda 10;Kecewa, produk yang diterima berbeda. LCD dan menu tidak sesuai gambar
110; barang terima baikterima kasih ;Barang diterima baik. Terima kasih.
111; Barang diterima kondisi baik Semoga awet ; Barang diterima dalam kondisi baik. Semoga awet
112;external fd So far found;So far oke
113;Bagus Two tumbs up ;Bagus/Two tumbs up 
114; Cukup puas;Cukup puas
115;Barang bagus kualitas mantap;Barang bagus dan kualitas mantap
116;Pengiriman lumayan cepat Thanks seler pengiriman lumayan cepat ;Pengiriman lumayan cepat. Thanks seller.
117; Murah ;Murah
118; Barang duganakan normal;Barang normal digunakan
119;GOD You wont regret if you buy it its durable Thanks Lazada ;Barang bagus, sesuai deskripsi, dan cepat.
120;Barang bagus Sesuai deskripsi Jos Cepat ;Barang bagus, sesuai deskripsi, dan cepat.
121;God Barang cepet packing aman rapih Kualitas bagus cek toko fisik jauh lebih mahal Kep up that good work Garansi Garansi nya garansi resmi nga pak;"Barang cepat dipacking, aman, rapi, kualitas bagus. Cek toko fisik jauh lebih mahal. Garansi resmi, kan?"""
122;BAGUS barang baguspengiriman cepatdan packing rapihrecomended seler dehtrimsEZC and lazada Barangnya bagus Mudah2an awet ;Barang bagus, pengiriman cepat, dan packing rapi. Terima EZC dan Lazada. Mudah-mudahan barangnya awet.
123; hardisknya awet skrng;Hardisk-nya awet sampai sekarang.
124;Mantab Wow Kualitas Barang OKE banget Pelayanan OK Trims;Mantap, kualitas barang dan pelayanan oke. Terima kasih.
125; barang bagus mantap;Mantap, barang bagus.
126; Great service produk keren ternyata malah lebih bagus aslinya drpd gambarnya Kualitas Sesuai deskripsi;Great service, produk sesuai deskripsi dan lebih bagus aslinya daripada gambarnya.
127;bagus sempat khawatir muat hard disk eksternal ternyata muatbarangnya bagus dgn bahan yg sesuai;
128;Tanya Mohon cek benar harganya apa ;
129; datang cepat barang oke God biarkan bintang yg bicara sip;
130;Barang Pengiriman cepat rapi fast respon ;
131;Ok Packing aman barang sesuai deskripsi ;
132; barang udah semoga awet Sandisk Flashdisk CZ3 Cruzer Fit 16 GB Hitam RP 850 RP God satisfy barang sesuai pesananpengiriman oke ;
133; kesing doang hehe ;
134;Lima Bintang Brg sdh dtg n berfungsi baik sayang kabel nya krg umum d tmpt Jd klo rsk sh cr cdngan wlo smpe skrg msh baik2 ;
135;rumayan rumayan dipakai hampir nyaris sesuai harapn ;
136;Kemahalan gan Untung dlu gw beli sisa 1 unit cuma 96ribu;
137; barang berfungsi baikhanya ujungnya bengkok;
138; harganya sat diskon terus ori pengiriman cepat;
139; barang yg terima Suka hang sat copy ;
140; alhamdulilah cepat sampebarang bagusesuai spek gambarmantap lah Kenkezsukses selaluterima kasih lazadabayar ditempatnya trusted ;
141; Bagus ;
142;Mantap Pengiriman cepat rapi barang diterima baik Barang digunakan hasil mantap;
143;God Barang bekerja baik mantap;
144;MANTAP Oke;
145;fleshdisk asli barangnya bagus mengecewakan barangnya cepat terima kasih lazada pokoknya lazada terbaik;
146; Bagus sesuai deskripsi Tks Senang Barang nya lebih cepat Pesan jumat senin barang nya Puas banget good Barang cepat Sangat puas Puas Barang bagus diterima dengn baik;
147;bagus Sesuai harapan;
148;Cumi Sering eror;
149; trims lazadapaket diterima;
150; Thank you Sering2 discount Ya lumayan miring Hehehe Kualitas Ok PENGiriman cepat ;
151;Yu kata orang rumah barang udah datang lum cek but thks;
152;Data hilang Tiap copy file flasdisknya waktu dibuka file nya hilang ;
153; Flasdisk;
154;Value for money so far so good Enough Capacity and working good;
155; pas 2 tahun mati total pemakaian normal 7 jam sehari;
156;Buruk Sy kecewa beli memory card sandisk 8gb smpe rmh memory ga bs dipakeburuk sekali;
157; Keren Terima kasih om diterima kondisi sesuai pesanan tmksh;
158; Sudah diterima beberapa hari yg lalu maf baru review Barang bagus sesuai gambar;
159;Bagus Barang bagus berfungsi ;
160;So nice God quality of item fast delivery;
161; jujur gak jangan ngarep hrga murah kualitas;
162; Sesuai;
163; Gambar produk berbeda dgn barang yg terima Tapi gp lah yg penting dipakai ;
164;BOLEH LAH SO FAR SO GOD THANKS LAZADA Satisfied Lok so good delivery is sofast and low price;
165;salah beli barang god;
166;Ga rekom barang datang dicoba langsung ofga usah deh beli produk;
167; barang bagusemoga awet;
168;Numpang tanya Ini flashdisknya buat apa aja kan;
169;kapan dikirim Saya Udah order 2 bulan tak kunjung datangkapan mau dikirim bos God Bagus barangnya gak nyesel beli;
170;FlashDisk Rusak Setelah terima flashdisk 64 GB yg datang je tempat cukup lama dicoba digunakan rusak;
171;Value for money Satisfied with the product the item was goodand so fast delivery;
172; Worked as expected;
173;salah beli barang god;
174; barang terima RUSAK OK nice item R and W sped fast;
175;liat judulnya 64 MB bukan 64 Giga kecewa ga nyalahin diri sendirikarena bali usb yg kira 64 giga ternyata 64 mb disi apan lagu2 aja ga muat parah;
176; bs digunakan sebentar udh gak tau jd gak bs dipakek trus tdk bs menyimpan semua file file2 tertentu yg bs disave dibuka kenbanyakan tdk dibuka;
177; Masih jual 64mb;
178; bagus ;
179;pengiriman 3 mingu pengiriman molor 3 mingu kecewa;
180;635 cm USB 20 IDE hardisk eksternal disk HD kasus laptop PC kandang BOX Hitam Berfungsi baik;
181;Barang cepat tiba n sesuai iklan Produk sesuai iklan;
182; Terimakasih sesuai gambar bagus recomended;
183;God Kurangnya pouch gak cocok gak muat masukin barang udah trima pengiriman cepat bonusnya thanks ;
184;God Worked The item itself suits my preference and expectations Worked as expected;
185;flash memory stick Barang bagus sesuai yg foto suka ;
186;menyimpan file file yg disimpan hilang bukan anti virus menyimpan file sesuai kapasitasnya yg dipakai cuma 30 giga selebihnya data hilang ;
187; kapasitas sesuai paling cuma nyimpan 16 gigan;
188; Bad product;
189;Tidak direkomendasi Barang palsu aslinya muatanya 8 gb;
190;TOP Order diterima sesuai pesanan ekspedisi cepat 2 hari selanjutnya dicoba dlu semoga masalah thx ;
191;pesanan trlah ;
192;Cepat original Baru sempet review disini pesan tgl 19 21 packing Best bublewrap harga murah yg spek yg sama Barang original made in thailand Thanks Kenkez n lazada;
193; barang sesuai pesanan;
194; ternyatavukuran cukup besar merepotkan perlu power ekstra Ini case kh Ini case kh;
195;Barang sesuai Pesanan Pesan hari Mingu Malam barang tiba hari Selas sesuai pesanan mantabSemoga semakin banyak Produk promo Kenkez ;
196; barang ga orisemua data yg disimpan rusak barang baik diterima dgn baik sangat puas mudah2an bagus????   x08d????   x08d????   x08d good ori mantul God;
197;Lama pengiriman Gan kok pngiriman ane sekrang blkm dateng yah gandi description smpe tngal 24 tpi ni sudh tangal 25 blom nyampe2 gan barangnya mau pake gan ni no resinya 013101801069523 ;
198; mending jangan;
199;Terbaik Puas pokoknya ;
200;Order 354263246 blm tangal 15 desember pemesanan nya;
201;Overal God Barang sesuai estimasi barang diterima keadan baik ;
202;Mantap banget Ini laptop mantel banget beli pake duit ngambil orang tua hehe mantel lah;
203; datang cepat paket hemat rekomeded;
204; Barang berfungsi baik;
205;Jangan beli disini iklanya menipu Tidak sesuai gambar yg cuman adapter kit aja pilih toko ajalebih baik barang gbr ngk sama dong klu jualan BRG hrs sesuai gbr Kecewa Pesanan lambat jatuh tangal tempo datang ;
206; mantap lah;
207; Barang;
208; warna sesuai yg pilih pengiriman lumayan cepat Mantab Nice Nice;
209; bagus normal awet jg tp harganya kurang murah msh harga pasaran Not Bad Flashdisk OK bonus nya karatan barang memuaskan thanks lazada;
210; normal Kecewa Tidak sesuai pesanan gambar sama dikirim berbeda 10 awesome seneng banget flashdisk nya sesuai gambar dapet otg nya;
211; Flash disc nya bagus bonusnya yg bagus Rupa2nya bonusnya barang udah karatan bonus OTG nya berfungsi kalau flashdisknya berfungsi baik ;
212;SanDisk Flash Disk Cruzer Edge 16 GB OTG Adapter Android Robot Hitam Flash disk OK OTG Adapter Android Robot Hitam konek ga masalah yg penting flash disk udah bs dipakai thanks gan OKE OKE;
213; Dr seler cpt ngirimnyatp dr jasa kirimnya yg lama bngtharusnya tgl 6 tp tgl 1 br sesuai ekspektasi Barang cepat dijamin gk kecewa deh ;
214; flshdisk ajaib sering hilang tp selalu blik ????     ;
215;Thanks Cepat sampeknya Flash disk SanDisk 32Gb Barang bagus sesuai gambarnya Thanks lazada sukses jaya selalu;
216; barang sesuai harga murah thanks lazada ;
217;Empat Bintang Pengiriman cepat tp otg nya susah nyambung Kwalitas Semua berfungsipengiriman cpat pengirimanya cepat packing jg bagus barang sesuai sip Pengrimn cept brng bgus;
218;BAGUS Barang sampe selamat;
219; mantap dgn hrg sgtu ;
220; mantap dgn hrg sgtu ;
221;merchant payah kalau siap jual ngak usah pajang barang etalase bikin ribet pesanan 4 hari tdk proses trus tolak payah Jelek;
222;tiba2 pesanan dibatalkan penjualparah penjual parahpesanan dibatalkan sepihakpengembalian dananya lama sekalisy pesan 5buah cod ga masalahini sdh codibatalkanlama lg pengembalian uang;
223;Tanya Ini gojeknya bayar gak Barang Bagus Pengiriman Cepat Barang Bagus Pengiriman Cepat;
224; Barang asli hologramnya Packing bagus Fast respons Recomended seler;
225; Mantap ;
226; sangat puas barang oke makasih lazada;
227; Berfungsi baik;
228;NICE Bagus produknya bagus barang bagus harga murah cepat dikirimkan;
229; barang sesuai Bagus Karen banget sampe skarang awet Elegant Bagus sayang bahan metal besi jadi nya baru Bentar udah terasa panas Kelaman Gan cencel aja udahudh smingu nungu proses aja 3192465682 no kede pesenanya;
230; lumyan mantapbarang bermutu;
231; barang udah nyampai slamat pengiriman cepat banget original sn smoga awet isinya cm 29 gblumayan semua nya Bagus Bentuknya bagus casing logam kerjanya cepet Makasih;
232;thanks thank you;
233;Made in China Gasuka aja made in china harusnya cantumin made in mana ga bener2 8gb cuma 72gb ;
234; God condition fast delivery;
235; Mantap sesuai;
236; barang bagus sesuai gambar deskripsi produk;
237;Terima kasih Barang diterima kondisi OK sesuai pesanan thanks;
238;Flasdisk 16G Barang digunakan kondisi;
239; alhamdulilah barang sampe selamat harga murah dibandingkan toko kualitas gak murahan Top Deh Barang terima aman ;
240;thanks lazada Barang nya sampailumayan sih Thanks lazada;
241; barang bagus kualitas Ntahlah BARANGNYA LAMA DIANTARNYA ;
242;Recomend deh Bagusesuai digambarkan Packing rapih Over al its Thanks LADAZA;
243;Pengiriman Telat Udah 2 mingu pesan blm sampe2 jg Telat banget;
244;NIPU Yg dikirim malah newblack touch scren for samsung;
245; barang bagus berfungsi baik terimakasih ;
246; barang sesuai dgn gambar mantap lazada barang jelekgk diformat eror pokoknya ;
247;Lima Bintang pesanan terimakasih banyak ;
248;Value for money Nice I like;
249; mantep banget barang sesuai thanks barang jelek tahan 1 mingu casing doang skaran awet ;
250; bagus;
251;"7729654,Good enough. The design is nice. Size 256MB is just what I need. ""['GOD', 'Nice', 'design', 'Engough', '256MBjust', 'what', 'I', 'want']""";
252;"7730081,Kecewa, produk ga bagus, produk tidak terbaca komputer. Baru beli sehari sudah rusak dan minta format, padahal katanya write protect. Semua cara sudah dilakukan, tetapi hasilnya sama saja, mengecewakan. ""['Kecewa', 'Ga', 'bagusga', 'eject', 'akhirnya', 'baru', 'beli', 'sehari', 'dah', 'rusakminta', 'format', 'ga', 'teruskatanya', 'write', 'protectsemua', 'cara', 'udah', 'lakuin', 'tetap', 'sama', 'ajamengecewakan', 'Produk', 'bagus', 'Produk', 'terbaca', 'komputer']""";
253;"7730089,Nice. Barang bagus, tetapi lama datangnya dari yang diperkirakan. Semoga awet. Thanks Lazada. ""['NICE', 'V', 'Barang', 'bagus', 'cuma', 'lama', 'datengnya', 'perkiran', 'semoga', 'awet', 'Thx', 'Lazada']""";
254;"7731271, Saya membatalkan pesanan produk.""['Saya', 'membatalkan', 'pesanan', 'produk']""";
255;"7731331,Barangnya bagus, sudah diterima, on time. Lebih baik daripada yang kabel karena lebih praktis. Thx lazada.""['Bagus', 'Brg', 'sdh', 'dtrima', 'on', 'time', 'Lbh', 'baik', 'dr', 'pd', 'yg', 'kabel', 'krn', 'lbh', 'praktis', 'Thx', 'lazada']""";
256;"7753712,Lumayan murah meriah.""['Lumayan', 'Murah', 'meriah']""";
257;"7753820, Murah, tapi kuningannya sering lepas, lemnya kurang kuat.""['murah', 'tpi', 'kuninganya', 'sering', 'lepaslemnya', 'kurang', 'kuat']""";
258;"7759232, Sesuai pesanan. Barangnya bagus. Packing rapi, pengiriman cepat dan selamat. Terima kasih Lazada. ""['sesuai', 'pesanan', 'barang', 'bagus', 'packing', 'rapi', 'cepat', 'selamat', 'terimakasih', 'lazada', 'Beautiful', 'Its', 'so', 'good', 'production', 'worked', 'perfectly', 'ship', 'so', 'fast', 'and', 'delivery', 'is', 'fast', 'to']""";
259;"7763280, Barangnya bagus dan berfungsi baik. Datangnya cepat, pokoknya keren dah. ""['good', 'b', 'barang', 'bagus', 'berfungsi', 'baik', 'datang', 'cepat', 'pokonye', 'keren', 'dah', 'Oke', 'barangnya', 'Barang', 'oketepat', 'waktu', 'pengirimanya', 'great']""";
260;"7764509, Jelek.Datanya hilang-hilang terus.""['jelek', 'ilang2', 'terus', 'data', 'dibuatnya']""";
261;"7765199,Mantap. Waktu terima barang, belum sempat dites. Setelah dites, recomeded pokoke, oke banget,""['Mantap', 'gaya', 'Wktu', 'trm', 'barng', 'belm', 'sempt', 'tes', 'setlh', 'banget', 'recomeded', 'pokoke']""";
262;"7815540, Recommended. Kualitas produk baik dan mudah pemasangannya.""['rekomended', 'produk', 'kualitas', 'barang', 'baik', 'mudah', 'pemasangan']""";
263;"7832138,Penutup FD-nya gak sesuai difoto.""['Gak', 'sesuai', 'Difoto', 'penutup', 'fd', 'nya', 'Aslinya', 'tdk']""";
264;"7832195,Kecewa, baru 1 minggu pemakaian sudah rusak, padahal perlu waktu 2 minggu nunggu barangnya datang,""['Kecewa', 'Baru', '1', 'mingu', 'udah', 'rusak', 'padahal', 'nungu', '2', 'mingu', 'baru', 'dateng', 'barang']""";
265;"7832248,Barangnya kecil, sangat unik .Sesuai harapan, kecil, dan sangat unik.""['Barang', 'Kecil', 'sangat', 'unik', 'mini', 'Sesuai', 'harapan']""";
266;"7832603,I like it. Very good item. Delivery faster than I expected.""['I', 'like', 'it', 'Very', 'good', 'item', 'Delivery', 'faster', 'than', 'I', 'expected']""";
267;"7832963,Satisfied. It's good for me. Thanks Lazada. Working well and delivery very fast.""['Satisfied', 'Its', 'its', 'good', 'for', 'me', 'thanks', 'lazada', 'Working', 'wel', 'and', 'delivery', 'very', 'fast']""";
268;"7849076,Bagus. Sesuai gambar dan harga terjangkau.""['Bagus', 'Sesuai', 'gambar', 'harga', 'terjangkau']""";
269;"7890597,Kapan stock laptop Toshiba portege R 30? Ini saya pesan 8 unit yang baru. Thanks. ""['kapan', 'stock', 'laptop', 'toshiba', 'portege', 'R', '30', 'inisy', 'pesan', '8', 'unit', 'yg', 'barutks', 'Mhn', 'info', 'sy', 'pesan', '8', 'unit', 'barutrims']""";
270;7909058, ,,[];
271;"7911295,mantab, sesuai gambar dan deskripsi. Packaging dgn dus bawaannya. Produk berfungsi dgn baik, sesuai gambar dan deskripsi,""['mantab', 'sesuai', 'gambar', 'deskripsi', 'packaging', 'dgn', 'dus', 'bawanya', 'berfungsi', 'dgn', 'baik']""";
272;"7926256,Pesanan dibatalkan. Ditulis hanya tersisa 1 unit. Dipesan 4 hari, baru ada pemberitahuan pembatalan pesanan pihak lazada.""['Pesanan', 'Dibatalkan', 'Ditulis', 'Hanya', '1', 'unit', 'tersisa', 'dipesan', '4', 'hari', 'baru', 'pemberitahuan', 'pembatalan', 'pesanan', 'pihak', 'lazada']""";
273;"7969693,Pesanan kapan datang, kok lama?""['Pesanan', 'kapan', 'datang', 'e', 'Kok', 'lama']""";
274;"8018043,External hard drive bagus, good value, dan berfungsi baik. Hanya pengirimanya lama sekali dari tangal pemesanan.""['External', 'hard', 'drive', 'bagus', 'External', 'hard', 'drive', 'good', 'value', 'berfungsi', 'baik', 'Hanya', 'pengirimanya', 'lama', 'sekali', 'tangal', 'pemesanan']""";
275;"8023043, USB sudah dicoba. Lumayan bagus. Kapasitas mendekati 64 GB. Keseluruhan OK. Barangnya cepat diantar, speknya sesuai. Thanks.""['USB', 'dicoba', 'Lumayan', 'bagus', 'Kapasitas', 'mendekati', '64', 'GB', 'Keseluruhan', 'OK', 'God', 'Barangnya', 'cepat', 'antar', 'sesuai', 'spek', 'Thanks']""";
276;"8023053, Barang berfungsi baik, sesuai harapan. Pengiriman expres. ""['mantap', 'betul', 'Mantap', 'Bagus', 'berfungsi', 'baik', 'pengiriman', 'expres', 'sesuai', 'harapan', 'nice', 'god']""";
277;"8023067, Barang sesuai, cukup puas, harga pas.""['barang', 'sesuai', 'cukup', 'puas', 'harga', 'pas']""";
278;"8056625,Produk udah hampir 2 minggu tak kunjung datang.""['Produk', 'Udh', 'hampir', '2', 'mingu', 'barang', 'tak', 'kunjung', 'datang']""";
279;"8121605,SanDisk Flash Disk Cruzer Edge 16 GB Gratis OTG Adapter Kabe. Produknya bagus, baru, dan berfungsi baik. Kecewa dengan pengirimannya, lama.""['SanDisk', 'Flash', 'Disk', 'Cruzer', 'Edge', '16', 'GB', 'Gratis', 'OTG', 'Adapter', 'Kabe', 'produknya', 'bagus', 'baru', 'berfungsi', 'baik', 'Kecewa', 'Barang', 'datang', 'Puas', 'Barang', 'sesuai', 'pengiriman', 'lama', 'perbaiki', 'pengirimanya']""";
280;"8128127,Barangnya bagus dan sesuai ekspektasi.""['God', 'Barang', 'sesuai', 'ekspektasi']""";
281;"8158745,Kualitas barangnya bagus. Pengiriman lebih cepat sampai dibandingkan jadwal estimasi. Penjual sangat reaponsif.""['Bagus', 'cepat', 'Barang', 'jauh', 'lebih', 'cepat', 'sampe', 'dibanding', 'jadwal', 'estimasi', 'penjual', 'sangat', 'reaponsif', 'kualitas', 'bagus']""";
282;"8225834,Sip, barang orisinal.""['sip', 'barang', 'original']""";
283;"8225838,Pengiriman lama, sudah 2 minggu barang blm diterima. Transfer uang pembayaran untuk 2 pcs, tetapi jumlah di keterangan cuma 1 pcs.""['Lama', 'pengiriman', 'Sudah', '2', 'mingu', 'blm', 'terima', 'barangnyterus', 'transfer', 'dengn', 'jumlah', 'uang', 'pembayaran', '2pcstp', 'd', 'keterangan', 'jumlhny', 'cuma', '1pcs']""";
284;"8225842, Layanan dan produknya berkualitas. Thank you Lazada. Flash disk murah meriah. Nice, sangat memuaskan.""['Puas', 'layananya', 'produknya', 'berkualitas', 'Thank', 'you', 'Lazada', 'Murah', 'Flash', 'disk', 'murmer', 'Nice', 'Sangat', 'memuaskan']""";
285;"8225866,Produk sesuai deskripsi gambar. Makasih Lazada. Produk sudah sampai sesuai estimasi.""['great', 'Produk', 'sesuai', 'estimasi', 'produk', 'sesuai', 'gambar', 'deskripsi', 'Makasih', 'lazada']""";
286;"8225899,Barang sangat bagus dan sangat simpel, suka banget, recommended. Niat beli buat cadangan.""['barang', 'sangat', 'bagus', 'n', 'sangat', 'simpel', 'suka', 'banget', 'recoment', 'g', 'usa', 'mikir', 'lg', 'beli', 'aja', 'ma', 'niatan', 'beli', 'but', 'cadangan']""";
287;"8225902, terima kasih, barangnya sudah sampai, no corrupt. Proses pengiriman lama. ""['trimakasih', 'brang', 'nya', 'udh', 'smpai', 'Lama', 'Duh', 'punya', 'kapan', 'sampe', 'nya', 'estimasih', 'tangal', '5', 'sednag', 'dkrm', 'tp', 'ko', 'blm', 'sampe', 'sampe', 'FIX', 'barang', 'OK', 'file', 'no', 'corupt', 'nice', 'lah']""";
288;"8391495, Proses cepat, barang sesuai deskripsi. Puas dengan layanannya. Produknya berkualitas, warnanya anti-mainstream. Thank you Lazada, 4 Bintang. ""['proses', 'cepat', 'barang', 'sesuai', 'deskripsi', 'Puas', 'layananya', 'produknya', 'berkualitas', 'Thank', 'you', 'Lazada', '4', 'Bintang', 'Bagus', 'warna', 'anti', 'mainstream']""";
289;"8507657,Kurang teliti, barangnya cacat. Tapi, barang rapi cepat sampai dan rapi,""['kurang', 'teliti', 'barang', 'rapi', 'cepat', 'diteliti', 'barangnya', 'barang', 'cacat', 'untung', 'dipakai', 'barang']""";
290;"8522881,Salah kirim. Saya pesen barang dengan nomor pesanan 349321742, yang nyampe malah ukuran 16GB. Mohon penggantianya diproses, saya pesan barang ini dengan nomor pesanan ...,""['Salah', 'Kirim', 'Saya', 'pesen', 'barang', 'nomor', 'pesanan', '349321742', 'nyampe', 'malah', 'ukuran', '16GB', 'Mohon', 'diproses', 'pengantianya']""";
291;"8548459, Paket diterima, tapi flashdisk eror saat dipakai. Kecewa banget, kiriman Toshiba Trans Memory Hayabusha USB Flash Drive USB 20 8GB White. ""['flashdisk', 'dipakai', 'eror', 'kecewa', 'banget', 'kiriman', 'Toshiba', 'Trans', 'Memory', 'Hayabusha', 'USB', 'Flash', 'Drive', 'USB', '20', '8GB', 'White', 'paket', 'terima', 'terima', 'kasih', 'puas']""";
292;8623419, rekomen,rekomen,['rekomen'];
293;"8656947, Recomended seller. Nice laptop, match my needs. Harga kurang memuaskan.""['Recomended', 'seler', 'good', 'stuf', 'nice', 'laptop', 'satisfy', 'my', 'neds', 'kuenceng', 'Plis', 'klau', 'harga', 'nya', 'kurangilah', 'Harga', 'kurang', 'memuaskan']""";
294;"8664276,Sesuai spesifikasi, garansi distributor 3 tahun.""['sesuai', 'spesifikasi', 'garansi', 'distributor', '3', 'tahun']""";
295;"8664776,Barang packing rapi dan kualitasnya sangat memuaskan""['Puas', 'Barang', 'packing', 'rapi', 'Dan', 'sangat', 'memuaskan']""";
296;"8669096,Pengiriman tepat waktu. Barang sesuai dengan gambar.""['Pengiriman', 'tepat', 'waktu', 'Pengiriman', 'tepat', 'waktu', 'barang', 'sama', 'gambar']""";
297;"8700883,Terima kasih, Lazada. Laptopnya sudah saya terima, produknya bagus dan masih disegel.""['BAGUS', 'Terima', 'Kasih', 'Lazada', 'Laptopnya', 'sdh', 'sy', 'terima', 'Produknya', 'bagus', 'barang', 'mash', 'disegel', 'tangan', 'great']""";
298;"8718010, Barang cepat sampai dan sesuai gambar. Barangnya bermanfaat. Saya jadi suka belanja online di sini, Lazada tetap jadi yang terbaik.""['Cepat', 'Barang', 'diterima', 'Sesuai', 'gambar', 'barang', 'bermanfat', 'Saya', 'jadi', 'suka', 'belanja', 'online', 'disini', 'lazada', 'tetap', 'jadi', 'terbaik']""";
299;"8724073, Barangnya bagus, saya suka, cocok diberi bintang lima. Terima kasih Lazada.""['cocok', 'lah', 'd', 'ksih', 'bintang', 'limabarang', 'nya', 'mulus', 'ak', 'sukatrima', 'ksih', 'lazada', 'Lima', 'Bintang']""";
300;"8791954, Cocok banget.""['cocok', 'banget']""";
301;"8970195, Maaf baru memberi ulasan. Barang sudah lama sampai, sesuai pesanan, dan sesuai deskripsi. Pengiriman cepat. Harga paling bagus, servis paling cepat.""['maf', 'baru', 'memberi', 'ulasan', 'brg', 'sdh', 'lama', 'sesuai', 'pesanan', 'trims', 'puas', 'barang', 'sesuai', 'deskripsi', 'pengiriman', 'cepat', 'Barang', 'seuai', 'pesanan', 'Harga', 'paling', 'bagus', 'servis', 'paling', 'cepat', 'Bagus', 'mantap']""";
302;"9102603,Barang oke, sudah dicoba. Kasih bintang 4. Sempat ada kesalahan info, dikasih tahu barang sudah diterima, padahal belum. Semoga jadi lebih teliti. 2 tahun usia TV saya, beli masih lancar, monitor PC lumayan.""['Barang', 'OK', 'barang', 'dicoba', 'OK', 'kasih', 'bintang', '4', 'sempet', 'kesalahan', 'info', 'dikasih', 'tahu', 'barang', 'diterima', 'padahal', 'belumuntung', 'apa2', 'moga', 'jadi', 'lebih', 'teliti', '2', 'Thn', 'Usia', 'TV', 'Saya', 'Beli', 'Masih', 'Oke', 'Lancar', 'Jaya', 'Trimakasih', 'Bagus', 'TV', 'n', 'Monitor', 'PC', 'lumayan', 'pd', 'beli', 'monitor']""";
303;"9146353,Perfect Barang cepat packing sangat rapih,barang cepet sampai dan packing sangat rapih,""['Perfect', 'Barang', 'cepat', 'packing', 'sangat', 'rapih']""";
304;"9146355, Harga sesuai kualitas pengiriman cepat puas mantap lah pokoknya,harga sesuai degan kualitas,""['Harga', 'sesuai', 'kualitas', 'pengiriman', 'cepat', 'puas', 'mantap', 'lah', 'pokoknya']""";
305;"9146390, Produk digunakan berfungsi sangat baik,produk sudah digunakan dan berfungsi,""['Produk', 'digunakan', 'berfungsi', 'sangat', 'baik']""";
306;"9146742, standart lah Agak kecewa brangkas dipakai God Product Barang bagus datang sesuai dimage pengiriman cepat sesuai jadwal ,standart lah,""['standart', 'lah', 'Agak', 'kecewa', 'brangkas', 'dipakai', 'God', 'Product', 'Barang', 'bagus', 'datang', 'sesuai', 'dimage', 'pengiriman', 'cepat', 'sesuai', 'jadwal']""";
307;"9177393, Barang diterima keadan baik berfungsi bagus,barang diterima dalam keadaan baik,""['Barang', 'diterima', 'keadan', 'baik', 'berfungsi', 'bagus']""";
308;"9177395, Barang terima baik packing bagus bonus tempat hard disk smoga awet ,barang di terima baik,""['Barang', 'terima', 'baik', 'packing', 'bagus', 'bonus', 'tempat', 'hard', 'disk', 'smoga', 'awet']""";
309;"9177397,Barang udh nyampe Punyaku kok gak kartu garansinya segelnya gan buat ngeklaim garansi gimana caranya ,punyaku kok gak ada kartu garansi,""['Barang', 'udh', 'nyampe', 'Punyaku', 'kok', 'gak', 'kartu', 'garansinya', 'segelnya', 'gan', 'buat', 'ngeklaim', 'garansi', 'gimana', 'caranya']""";
310;"9220887,16gb isinya cuma 14gb ngak apalah beda 2gb semua colokanya masuk sip thanks lazada OTG usb Eror mulai awal bagus,nggak apalah beda 2gb,""['16gb', 'isinya', 'cuma', '14gb', 'ngak', 'apalah', 'beda', '2gb', 'semua', 'colokanya', 'masuk', 'sip', 'thanks', 'lazada', 'OTG', 'usb', 'Eror', 'mulai', 'awal', 'bagus']""";
311;"9299935,Kualitas Barang Saya puas skali barangnyatapi Jne nya yg lama,saya puas sekali degan barangnya,""['Kualitas', 'Barang', 'Saya', 'puas', 'skali', 'barangnyatapi', 'Jne', 'nya', 'yg', 'lama']""";
312;"9467880,Pelayanan puas Terima kasih pengiriman nya sangat cepat barangnya memuaskan bagus bngt thx Semoga makin jaya LAZADA,terimakasih pengirimannya sangat cepat,""['Pelayanan', 'puas', 'Terima', 'kasih', 'pengiriman', 'nya', 'sangat', 'cepat', 'barangnya', 'memuaskan', 'bagus', 'bngt', 'thx', 'Semoga', 'makin', 'jaya', 'LAZADA']""";
313;"9467899,murah barang bagus harga kompetitif barang bagus sesuai pesanan ,barang bagus dengan harga kompetitif,""['murah', 'barang', 'bagus', 'harga', 'kompetitif', 'barang', 'bagus', 'sesuai', 'pesanan']""";
314;"9468078,Kecewa Yang dipesan 128 Gb tiba 64 Gb penipuan namanyA,penipuan ini namanya,""['Kecewa', 'Yang', 'dipesan', '128', 'Gb', 'tiba', '64', 'Gb', 'penipuan', 'namanyA']""";
315;"9543498, produk ori bagus udah dicoba isi film ,produk ori dan bagus,""['produk', 'ori', 'bagus', 'udah', 'dicoba', 'isi', 'film']""";
316;"9548767,AKARI LED TV Okthank lazada Pagi order sore barang nyampe Packing okebarang sesuai pesanan TOP DAH semua fitur berfungsiharganya cukup murah AKU CINTA PRODUK INDONESIA TOP DAH,ok thank lazada,""['AKARI', 'LED', 'TV', 'Okthank', 'lazada', 'Pagi', 'order', 'sore', 'barang', 'nyampe', 'Packing', 'okebarang', 'sesuai', 'pesanan', 'TOP', 'DAH', 'semua', 'fitur', 'berfungsiharganya', 'cukup', 'murah', 'AKU', 'CINTA', 'PRODUK', 'INDONESIA', 'TOP', 'DAH']""";
317;"9973399,Gagal kirim Uang udh 10 hri blm kembalikan proses lama kaya keong,proses lama kaya keong,""['Gagal', 'kirim', 'Uang', 'udh', '10', 'hri', 'blm', 'kembalikan', 'proses', 'lama', 'kaya', 'keong']""";
318;"10041426, God Flashdisk baru waktu pas beli diskon packagingnya jga rapih so far so good Thanks Barang cepet sampe thanks ,""Barang cepet sampe, packagingnya juga rapi"",""['God', 'Flashdisk', 'baru', 'waktu', 'pas', 'beli', 'diskon', 'packagingnya', 'jga', 'rapih', 'so', 'far', 'so', 'good', 'Thanks', 'Barang', 'cepet', 'sampe', 'thanks']""";
319;"10195841, barang working Ok Bgus smpi skr swet God God Bsgus Bagus,,""['barang', 'working', 'Ok', 'Bgus', 'smpi', 'skr', 'swet', 'God', 'God', 'Bsgus', 'Bagus']""";
320;"10314794,Pengiriman lama produk bagus original pengiriman lama benget kurang lebih 1 bulan baru,produk bagus dan original namun lama,""['Pengiriman', 'lama', 'produk', 'bagus', 'original', 'pengiriman', 'lama', 'benget', 'kurang', 'lebih', '1', 'bulan', 'baru']""";
321;"10589516,Mantap Pengiriman cepat kualitas barang banget nice nice,pengiriman cepat & kualitas barang ok,""['Mantap', 'Pengiriman', 'cepat', 'kualitas', 'barang', 'banget', 'nice', 'nice']""";
322;"10589945, barang bagus nya jg cepet,barang baguss,""['barang', 'bagus', 'nya', 'jg', 'cepet']""";
323;"10592401, Saya pesan warna hitam yg warna putih Gp semua bagus baru pengiriman cepat Bagus barang tujuan baik Original Product semoga awet bantu terjadi apa2 thanks ,pesan hitam yang sampai warna putih,""['Saya', 'pesan', 'warna', 'hitam', 'yg', 'warna', 'putih', 'Gp', 'semua', 'bagus', 'baru', 'pengiriman', 'cepat', 'Bagus', 'barang', 'tujuan', 'baik', 'Original', 'Product', 'semoga', 'awet', 'bantu', 'terjadi', 'apa2', 'thanks']""";
324;"10592514,recomend barang sdh trima hari kamis telat 1 hari estimasi pengirman tp over al bangnya trima dgn baik packing rapi n kuri nya jg sopan trims lazada n seler Sip ,barang sdh di trima hari kamis,""['recomend', 'barang', 'sdh', 'trima', 'hari', 'kamis', 'telat', '1', 'hari', 'estimasi', 'pengirman', 'tp', 'over', 'al', 'bangnya', 'trima', 'dgn', 'baik', 'packing', 'rapi', 'n', 'kuri', 'nya', 'jg', 'sopan', 'trims', 'lazada', 'n', 'seler', 'Sip']""";
325;"10935855, Barangnya orisinil transfer rate sesuai masalah sebulan lebih Pacling Rapi Harga murah Kualitas baik murah mantap kapasitas aslinya 56 GB aja berfungsi baik sangat murah ukuran 64gbtapi mengorbankan kualitas ,""barangnya orisinil, transfer rate sesuai, tidak ada masalah"",""['Barangnya', 'orisinil', 'transfer', 'rate', 'sesuai', 'masalah', 'sebulan', 'lebih', 'Pacling', 'Rapi', 'Harga', 'murah', 'Kualitas', 'baik', 'murah', 'mantap', 'kapasitas', 'aslinya', '56', 'GB', 'aja', 'berfungsi', 'baik', 'sangat', 'murah', 'ukuran', '64gbtapi', 'mengorbankan', 'kualitas']""";
326;"11059034,credit credit ,credit,""['credit', 'credit']""";
327;"11079867,Lima Bintang Cepat barang kondisi bagus terimakasih banyak Bad File corupt semua kecepatan sped 4mbps flashdisk palsu Tidak bagus Barang nya palsu Otg nya gak d pake Jelek Sudah 5 hari barang dikirim ,cepat sampai barang dalam kondisi bagus,""['Lima', 'Bintang', 'Cepat', 'barang', 'kondisi', 'bagus', 'terimakasih', 'banyak', 'Bad', 'File', 'corupt', 'semua', 'kecepatan', 'sped', '4mbps', 'flashdisk', 'palsu', 'Tidak', 'bagus', 'Barang', 'nya', 'palsu', 'Otg', 'nya', 'gak', 'd', 'pake', 'Jelek', 'Sudah', '5', 'hari', 'barang', 'dikirim']""";
328;"11080008,Jelek Flasdisknya nya dipake percuma Bisa percaya ga Klo bagus beli,flashdisknya tidak bisa dipake,""['Jelek', 'Flasdisknya', 'nya', 'dipake', 'percuma', 'Bisa', 'percaya', 'ga', 'Klo', 'bagus', 'beli']""";
329;"11085289,Murah Cepat Tepat Produk original harga murah sekali dibanding lapak Fast shiping kualitas usah diragukan Selebihnya bintang aja yg berbicara fel nginap hotel bintang 5 cepet cuma 1 hari Barang berkualitas produk baik sesuai ntapman ajib Mantap ,produk original dan dapat harga murah,""['Murah', 'Cepat', 'Tepat', 'Produk', 'original', 'harga', 'murah', 'sekali', 'dibanding', 'lapak', 'Fast', 'shiping', 'kualitas', 'usah', 'diragukan', 'Selebihnya', 'bintang', 'aja', 'yg', 'berbicara', 'fel', 'nginap', 'hotel', 'bintang', '5', 'cepet', 'cuma', '1', 'hari', 'Barang', 'berkualitas', 'produk', 'baik', 'sesuai', 'ntapman', 'ajib', 'Mantap']""";
330;"11089858,barang sesui psan paket menarik exelent gan tingkat kan penjualanya,exelent,""['barang', 'sesui', 'psan', 'paket', 'menarik', 'exelent', 'gan', 'tingkat', 'kan', 'penjualanya']""";
331;"11112672, Barang sesuai deskripsi atas pengiriman cepat top seler ,barang sesuai deskripsi top seller,""['Barang', 'sesuai', 'deskripsi', 'atas', 'pengiriman', 'cepat', 'top', 'seler']""";
332;"11113906, Sudah tujuan semoga ga problem apa2 packingnya rapi ngirim ga nyasar lumayan cepat klo ga masalah semoga next order kep it up gan ntap Mantap 8TB,sudah sampai tujuan,""['Sudah', 'tujuan', 'semoga', 'ga', 'problem', 'apa2', 'packingnya', 'rapi', 'ngirim', 'ga', 'nyasar', 'lumayan', 'cepat', 'klo', 'ga', 'masalah', 'semoga', 'next', 'order', 'kep', 'it', 'up', 'gan', 'ntap', 'Mantap', '8TB']""";
333;"11167030,Review Barangnya cepet sampe 2hari lgsg nyampe rumah Bagus brgnya cuma buka penutup flashdisk susahagak susah dicabut laptop,barangnya cepet sampe,""['Review', 'Barangnya', 'cepet', 'sampe', '2hari', 'lgsg', 'nyampe', 'rumah', 'Bagus', 'brgnya', 'cuma', 'buka', 'penutup', 'flashdisk', 'susahagak', 'susah', 'dicabut', 'laptop']""";
334;"11167031,God Sudah dipakai selama berbulan2 ga masalah lancar2 aja sengaja kasih rivew lama biar jadi bukti kalo barang disini memang bagus,sudah dipakai selama berbulan2 gaada masalah,""['God', 'Sudah', 'dipakai', 'selama', 'berbulan2', 'ga', 'masalah', 'lancar2', 'aja', 'sengaja', 'kasih', 'rivew', 'lama', 'biar', 'jadi', 'bukti', 'kalo', 'barang', 'disini', 'memang', 'bagus']""";
335;"11167612,Sudah pesanan Trims selertrims lazadasaya seneng sekali sesuai pesanan ,trims ya seler,""['Sudah', 'pesanan', 'Trims', 'selertrims', 'lazadasaya', 'seneng', 'sekali', 'sesuai', 'pesanan']""";
336;"11215648,Terbaik Packing rapih barang sesuai yg iklan pengiriman kurang semingu Thx reseler lazada Mantap Mantap Main GTA V lanjat banget Thanks Lazada mantap spek maksimal harga minimal Ready Ready gak bro Lumayan bagus ,packing rapih,""['Terbaik', 'Packing', 'rapih', 'barang', 'sesuai', 'yg', 'iklan', 'pengiriman', 'kurang', 'semingu', 'Thx', 'reseler', 'lazada', 'Mantap', 'Mantap', 'Main', 'GTA', 'V', 'lanjat', 'banget', 'Thanks', 'Lazada', 'mantap', 'spek', 'maksimal', 'harga', 'minimal', 'Ready', 'Ready', 'gak', 'bro', 'Lumayan', 'bagus']""";
337;"11233332,lenovo SESUAI DENGAN SPESIFIKASI MANTAB Barang Laptop OK harga Ochre Plus dpt backpack jg Thanks Lazada,sesuai denag spesifikasi,""['lenovo', 'SESUAI', 'DENGAN', 'SPESIFIKASI', 'MANTAB', 'Barang', 'Laptop', 'OK', 'harga', 'Ochre', 'Plus', 'dpt', 'backpack', 'jg', 'Thanks', 'Lazada']""";
338;"11285198,tv Pengiriman cepat hny 1 hari Sudah dicoba bagus Top Rekomended kurir sopan merapihkan tv nyala smuanya rapih beres komplit Telivisi nya bagus tdk klo pesan bayar Bagus k tdk,pengiriman cepat,""['tv', 'Pengiriman', 'cepat', 'hny', '1', 'hari', 'Sudah', 'dicoba', 'bagus', 'Top', 'Rekomended', 'kurir', 'sopan', 'merapihkan', 'tv', 'nyala', 'smuanya', 'rapih', 'beres', 'komplit', 'Telivisi', 'nya', 'bagus', 'tdk', 'klo', 'pesan', 'bayar', 'Bagus', 'k', 'tdk']""";
339;"11309328,Sip Cepat pesan hari senin Sidoarjo pas hari rabu Top,pesan haru senin sampai,""['Sip', 'Cepat', 'pesan', 'hari', 'senin', 'Sidoarjo', 'pas', 'hari', 'rabu', 'Top']""";
340;11328671, bagus ,bagus,['bagus'];
341;"11328821, Sesuai udah aja Produk bagus dengna harga ekonomis,sesuai udah itu aja,""['Sesuai', 'udah', 'aja', 'Produk', 'bagus', 'dengna', 'harga', 'ekonomis']""";
342;"11515558, Nice Mantaef Thexs lazada barang sy trma lebih awal pengiriman cepat paking rapi oke trmks lazada,thx lazada,""['Nice', 'Mantaef', 'Thexs', 'lazada', 'barang', 'sy', 'trma', 'lebih', 'awal', 'pengiriman', 'cepat', 'paking', 'rapi', 'oke', 'trmks', 'lazada']""";
343;"11520717, Barang diterima lebih cepat ekpektasi kondisi baik Packing baik Berfungsi baik Terima kasih Tepat waktu barang sesuai pesanan Barang sesuai pesanan diterima tepat waktu,naramg sudah diterima,""['Barang', 'diterima', 'lebih', 'cepat', 'ekpektasi', 'kondisi', 'baik', 'Packing', 'baik', 'Berfungsi', 'baik', 'Terima', 'kasih', 'Tepat', 'waktu', 'barang', 'sesuai', 'pesanan', 'Barang', 'sesuai', 'pesanan', 'diterima', 'tepat', 'waktu']""";
344;"11549503,Mantab Barang cepat Sesuai pesanan Lazada memang,sesuai pesanan,""['Mantab', 'Barang', 'cepat', 'Sesuai', 'pesanan', 'Lazada', 'memang']""";
345;"11549886,God Barang packing rapih aman barang keadan baik ,barang telah sampai,""['God', 'Barang', 'packing', 'rapih', 'aman', 'barang', 'keadan', 'baik']""";
346;"11549933,putra Bayar tempat Bagus Lumayan bagus harga lebih irit mudah mengerti,bayar ditempat,""['putra', 'Bayar', 'tempat', 'Bagus', 'Lumayan', 'bagus', 'harga', 'lebih', 'irit', 'mudah', 'mengerti']""";
347;"11656374, terimakasih lazadapaket sdh sesuai pesanmantab betul hanys sda stu kata puas,terimakasih lazada,""['terimakasih', 'lazadapaket', 'sdh', 'sesuai', 'pesanmantab', 'betul', 'hanys', 'sda', 'stu', 'kata', 'puas']""";
348;"11678101, knp psn 32 datang 8gb Barangnya cepat Kulitasnya bagus baik seuai Flash disk Bagus cepat nyampe,kualitasnya bagus,""['knp', 'psn', '32', 'datang', '8gb', 'Barangnya', 'cepat', 'Kulitasnya', 'bagus', 'baik', 'seuai', 'Flash', 'disk', 'Bagus', 'cepat', 'nyampe']""";
349;"11702693, barang sesuai pesanan pengiriman cepat n rapi thanks,barang sesuai pesanan,""['barang', 'sesuai', 'pesanan', 'pengiriman', 'cepat', 'n', 'rapi', 'thanks']""";
350;"11847511,kecewa kualitas produknya dibanding dgn harganyakualitasnya jauh sekalidengan harga 150 rb kualitas kurang memadai harga tersebut kemahalan,kualitasnya jauh sekali,""['kecewa', 'kualitas', 'produknya', 'dibanding', 'dgn', 'harganyakualitasnya', 'jauh', 'sekalidengan', 'harga', '150', 'rb', 'kualitas', 'kurang', 'memadai', 'harga', 'tersebut', 'kemahalan']""";
351;"11890839, thanks lazada mantap jiwa barang sama gambar Yang dateng model fd nya beda ,thanks lazada mantap jiwa,""['thanks', 'lazada', 'mantap', 'jiwa', 'barang', 'sama', 'gambar', 'Yang', 'dateng', 'model', 'fd', 'nya', 'beda']""";
352;"12249219, Bagusmurah Barang bagus murah pengiriman cepat,barang bagus,""['Bagusmurah', 'Barang', 'bagus', 'murah', 'pengiriman', 'cepat']""";
353;"12249471,Barang Bagus pengiriman cepat,bagus dan ppengiriman cepat,""['Barang', 'Bagus', 'pengiriman', 'cepat']""";
354;"12402107, bagus sesuai yg d harapkan gk nysel gk kecewa beli jg thnks seler n lazada Bagus Bagusberfungsi baik,bagus sesuai yg diharapkan,""['bagus', 'sesuai', 'yg', 'd', 'harapkan', 'gk', 'nysel', 'gk', 'kecewa', 'beli', 'jg', 'thnks', 'seler', 'n', 'lazada', 'Bagus', 'Bagusberfungsi', 'baik']""";
355;"12405091,casing bautnya kurang Lama Lama datangnyadi batalkn enga bisahadeh,bautnya kurang,""['casing', 'bautnya', 'kurang', 'Lama', 'Lama', 'datangnyadi', 'batalkn', 'enga', 'bisahadeh']""";
356;"12405492,Nama barang Sesuai pesanan Pesan luar negeri 5 hari kemudian Barang bagus berharap isinya kotaknya,barang bagus,""['Nama', 'barang', 'Sesuai', 'pesanan', 'Pesan', 'luar', 'negeri', '5', 'hari', 'kemudian', 'Barang', 'bagus', 'berharap', 'isinya', 'kotaknya']""";
357;"12405495, Barang berfungsi baik ,barang berfungsi dengan baik,""['Barang', 'berfungsi', 'baik']""";
358;"12405496, pakingnya rapi mksh ,pakingnya rapi,""['pakingnya', 'rapi', 'mksh']""";
359;"12408900,Bagus Barang lumayan bagus Tebal jadi aman hardisk Harga sesuai,barang lumayan bagus,""['Bagus', 'Barang', 'lumayan', 'bagus', 'Tebal', 'jadi', 'aman', 'hardisk', 'Harga', 'sesuai']""";
360;"12408971, Barang sesuai estimasi produk sesuai gambar Lima Bintang Produk sesuai datang tepat waktu sukak ,barang sampai sesuai estimasi,""['Barang', 'sesuai', 'estimasi', 'produk', 'sesuai', 'gambar', 'Lima', 'Bintang', 'Produk', 'sesuai', 'datang', 'tepat', 'waktu', 'sukak']""";
361;"12477607,Kecewa berat Gimana nih barang udah sebulan lebih gak datang2status lazada proses kirimplease folow up lazada team,gimana nih barang,""['Kecewa', 'berat', 'Gimana', 'nih', 'barang', 'udah', 'sebulan', 'lebih', 'gak', 'datang2status', 'lazada', 'proses', 'kirimplease', 'folow', 'up', 'lazada', 'team']""";
362;"12512389,Bagus Pengiriman lama lumayan bagus ,pengiriman agak lama,""['Bagus', 'Pengiriman', 'lama', 'lumayan', 'bagus']""";
363;"100007498,God job Barang diterima selamat Produk sesuai deskripsi Barang nyape 3 hari pekanbaruriau Terimakasih lazada kotakom pucang laptopnya mantap ,Barang diterima dengan selamat dan produk sesuai deskripsi,""['God', 'job', 'Barang', 'diterima', 'selamat', 'Produk', 'sesuai', 'deskripsi', 'Barang', 'nyape', '3', 'hari', 'pekanbaruriau', 'Terimakasih', 'lazada', 'kotakom', 'pucang', 'laptopnya', 'mantap']""";
364;"100027616,TOP Mantap gan Barang selamat Packing rapih pokok Mantap lah Sip Oke,Mantap! barang sampai dengan selamat dan packingnya rapih,""['TOP', 'Mantap', 'gan', 'Barang', 'selamat', 'Packing', 'rapih', 'pokok', 'Mantap', 'lah', 'Sip', 'Oke']""";
365;"100030605, Flashdisk ori Packing bagus Saya sukaThx,""Flash disk ori, packingnya bagus dan saya suka"",""['Flashdisk', 'ori', 'Packing', 'bagus', 'Saya', 'sukaThx']""";
366;100034117, ,,[];
367;"100038665,Pelayanan Memuaskan produk sesuai deskripsi packing bagus peneriman produk cepat yg berada jkt Kurang puas Kenapa chargernya lengkap G langsung dipakai buat charger nyari beli sambungan buat chargernya d bantu Laptop lenovo Ini spek ramnya 2GB 4GB,memuaskan produk sesuai deskripsi,""['Pelayanan', 'Memuaskan', 'produk', 'sesuai', 'deskripsi', 'packing', 'bagus', 'peneriman', 'produk', 'cepat', 'yg', 'berada', 'jkt', 'Kurang', 'puas', 'Kenapa', 'chargernya', 'lengkap', 'G', 'langsung', 'dipakai', 'buat', 'charger', 'nyari', 'beli', 'sambungan', 'buat', 'chargernya', 'd', 'bantu', 'Laptop', 'lenovo', 'Ini', 'spek', 'ramnya', '2GB', '4GB']""";
368;"100072071,RAM ram 8gb 4gb,ram 8gb atau 4 gb?,""['RAM', 'ram', '8gb', '4gb']""";
369;"100094378,Mantap awet Sayang warnanya gampang kotor ,,""['Mantap', 'awet', 'Sayang', 'warnanya', 'gampang', 'kotor']""";
370;"100133210,produk sesuai gambar produk jauh diharapkan sangat kecewa ,""Produk jauh dari yang di harapkan, sangat kecewa"",""['produk', 'sesuai', 'gambar', 'produk', 'jauh', 'diharapkan', 'sangat', 'kecewa']""";
371;"100139725, Kok dapet nya warna biru ,Kok dapetnya warna biru,""['Kok', 'dapet', 'nya', 'warna', 'biru']""";
372;"100154897,Boleh kredit bang Boleh kredit bang,Boleh kredit bang,""['Boleh', 'kredit', 'bang', 'Boleh', 'kredit', 'bang']""";
373;"100192021,kecewa Ditulis khusus jabodetabektp tersedia diwilyah lampung dibeli tp dicancel krn diluar daerah Klo gk harusnya dtulis tdk tersedia diwilanda Mau keredit Gmana caranya klw mau ikut kredit lazada Blitar Bisa kiri Ke kota blitar Klw d kirim k karawang gak Klwdi kirim k karawang gak,dibeli tp dicancel krn diluar daerah,""['kecewa', 'Ditulis', 'khusus', 'jabodetabektp', 'tersedia', 'diwilyah', 'lampung', 'dibeli', 'tp', 'dicancel', 'krn', 'diluar', 'daerah', 'Klo', 'gk', 'harusnya', 'dtulis', 'tdk', 'tersedia', 'diwilanda', 'Mau', 'keredit', 'Gmana', 'caranya', 'klw', 'mau', 'ikut', 'kredit', 'lazada', 'Blitar', 'Bisa', 'kiri', 'Ke', 'kota', 'blitar', 'Klw', 'd', 'kirim', 'k', 'karawang', 'gak', 'Klwdi', 'kirim', 'k', 'karawang', 'gak']""";
374;"100198730,Dua Bintang Gambarnya keliatan,Gambarnya tidak keliatan,""['Dua', 'Bintang', 'Gambarnya', 'keliatan']""";
375;100213091, ,,[];
376;100216044. Mantul. Barangnya memuaskan. Semoga awet. Terima kasih. ;
377;100235496. Makasih, Gan. Tapi, mungkin salah masukin produk. Produknya mesen 16GB datengnya malah  32GB.  ;
378;100268501. Sangat puas. Aku puas banget sama layanan LAZADA karena pengirimannya cepat dan barangnya gak lecet sedikitpun.  Terima kasih.  ;
379;100305829. Mantap. Barang asli dan sesuai. Biar bintang berbicara. ;
380;100310127. Excelen.  Pelayananya baik. ;
381;100338045, ,,[];
382;100339807. Lumayan. Over all baguslah.  Saya kira antivirusnya kasetnya eh ternyata cuma dikasih nomor serial dan  disuruh download sendiri. Pengiriman cepat, datang  cuma 1 hari. Ext hardisk harga bersaing. Bagus koq,  cuma gak pake antivirusnya aja yang ribet sih. Mantap. ;
383;100347655. Produk dengan pesanan no 32859132 bagus dan sesuai pesanan. Thanks.  ;
384;100348611.  Ok sesuai sm deksripsi. ;
385;"100363390. mudah2n awet, amin.  Packing rapi dan warna sesuai. Bagus dengan 2 fungsi. Mudah-mudahan awet, tapi warna tidak sesuai.  'rapi', 'warna', 'sesuai', 'bagus', '2', 'pungsi']""";
386;100363400.hm, barang eliminasi karena  2 hari packing rapi di normal work  dan warna gak sesuai yang ingini . Packing rapih dan barangnya normal, tapi warnanya tidak sesuai.;
387;100363934, Respon cepat dan pengiriman cepat via go send.;
388;100564515, Beda Warna, Gan. Pesan warna biru kok datang warna merah. aya pesan warna biru kok yang dateng warna merah.;
389;100928315, Untuk semua hardisk kah gan? Tipe Untuk semua hardisk, Gan.;
390;100934823, ,,[];
391;100938513, Ok. Pengiriman sesuai estimasi. Product sesuai foto pengiriman  dan lebih cepat dari  estimasi. ok good good. ;
392;100944134, ,,[];
393;101119036,Gmna cara ngeridtny?  ;
394;101187978, Cepat, original test.  Sekarang jd tandem SD intel. terima kasi.  fast delivery good. Cepat sampai, original, sudah di test dan sekarang jadi tandem SSD intel saya. ;
395;"101187982. Pengiriman cepat, barang bagus. Recomende.  Thx. ,""Pengiriman cepat, barang bagus, recomended"".";
396;101207851, Sesuai tapi powerbanknya ringan sekali. Sesuai harga sih. Kapan nyampe. ;
397;"101431744,""barang datang cepat, mulus, semoga tidak ada masalah""";
398;"101479374, ""pengiriman on time, cuman packing sederhana"".";
399;101479380, mantap sesuai pesanan nih mah, pokok nya jos ,mantap sesuai pesanan;
400;101523246, bagus dan sangat sesuai kebutuhan. Sip, Muantaf. Siap merekam acara TV UHD.;
401;101536686, Kecil banget ukuranya tapi lucu sih. Empat Bintang. ;
402;101865480, pengiriman cepat sekali. Barangnya sangat bagus. Rekomended bgt tempat blanja nya. Pengiriman cepat sekali dan barangnya sangat bagus.;
403;101927547. Barang kondisinya bagus.  Sesuai iklan. Mantap pokoknya. Cuma packingnya horor. Alangkah baiknya packing kayu agar lebih aman. Barang sudah sampai dengan kondisi bagus dan sesuai dengan iklan. ;
404;101932491, uwuw Empat Bintang ,uwuwww;
405;101982527. Kualitas suaranya teruji tapi suaranya blm teruji.;
406;102072694, tanya caranya gimana min kalau kredit cicilan;
407;102076465,excelent nice product ;
408;102080559. Barang Sesuai Dengan Iklan. Barang Sesuai Dengan Iklan dan Spesifikasi cocok Laptop. Barang diterima dengan bagus dan sesuai spec. Kurangnya instal microsoft ofice. Lima Bintang  karena barang sesuai dengan iklan.;
409;102081064,Puas. Pelayan Bagus dan  Barang sesuai Harapan.  Bagu,  terima kasih.  Mantab lah. Pengiriman cepat dan pelayan bagus barang sesuai harapan.;
410;102086307, ,,[];
411;102134872, Barang bagus. Tks banyak. Barangnya cpt smpainya. thanks lazada. Jos ,barang bagus. ;
412;102135800, baik dan  berfungsi baik.;
413;102185555, ga savefile  PDF file. Ga bisa untuk save pdf file.;
414;102243666, Flashdisk nya cepat rusak. Cuman nyimpan beberapa fil.  gimana ni, kalau flashdisk rusak. ;
415;102290727, terima kasih lazada. barang sdh terima. ;
416;102400921,Packing Laptopnya yang terima  bagus tapi sedikit cacat. Laptopnya sudah saya terima dan packingnya bagus.Thanks Lazada.;
417;102494885, pengiriman cepat barang sesuai gambar dan pengemasan baik rapi, serta pengiriman cepat.;
418;102596349,Mantap laptop resolusi kecepatan tingi menjadi idaman.  nice,nice. ;
419;102619776,Barang mantab. Maaf lama komentnya. Kotakom gak diragukan karena unit sudah dipakai 3 bulan.  Masalah pengen instal game bingung game apa yang jos. Unit sudah dipakai 3 bulan tidak ada masalah.;
420;102655829, produk bagus sesuai yg gambar. produk sesuai yang di gambar. ;
421;102655830, barang sesuai pesanan,barang sesuai pesanan,;
422;102655832,Puas. Barang sampenya cepet banget. ;
423;102655833, ,,[];
424;102655834, ,,[];
425;102655839,Hardisknya bagus dan pengirimanya cepat. Hardisknya bagusdan  pengirimanya cepat. kemarin dipesan, besoknya barangnya sdh datang.;
426;102744286,Pelayanan bai.  thanks banget lazada  USB nya bisa putar video.;
427;102773259, good ,good,['good'];
428;102940406, Pengiriman lama, Gan. Cek barangnya, kok blm nyampe? padahal say pesan tangal 17 mei ,barangnya kok belum nyampe. ;
429;102953395, kualitas bagus. Akhirnya, bahan aluminium  digunakan HD SD sbg eksternal yang kualitas bagus.;
430;102955137,HD mantap.dagang ini PENIPU!   bilangnya USB 30 tau2 yg dateng USB 20 yang harganya mahal.  Lima Bintang.;
431;102976994, ,,[];
432;103357927, god ,goood,['god'];
433;103357928, Tiga Bintang. Seandainya barang rusak, servis garansi lokasi padang ngak bos.  Satu bintang . ;
434;103357929,Recomended. Barang diterima baik dan packing rapi sesuai harapan.  pengiriman bekerja cepat tapi bonusnya kurang menarik.  ngak apalah. puas deh D,barang sudah diterima dan bekerja dengan baik.;
435;103357955, Packing bagus. Pengiriman cepat cuman hardcase ternyata tdk sesuai dgn gambar produk.  Harapan sy, dapatnya warna sesuai hard disk ukuran lbh besar dikit.;
436;103374024, mantap sampai tujuan rapih kemasannya.;
437;"103563716,Produk sampah Baru pakai 3 hari hd rusak dan  data hilang. Jangan beli karena Tidak rekomendasi,baru pakai 3 hari hdd sudah rusak data hilang!,""['Produk', 'sampah', 'Baru', 'pakai', '3', 'hari', 'hd', 'rusak', 'data', 'hilang', 'Jangan', 'beli', 'Tidak', 'rekomendasi']""";
438;"103911057, Respon Chat Oke. Pengiriman Oke. Barang Sesuai. Mdh2an Sukses. ,""respon chat oke, pengiriman ok, barang sesuai"",""['Respon', 'Chat', 'Oke', 'Pengiriman', 'Oke', 'Barang', 'Sesuai', 'Mdh2an', 'Sukses']""";
439;"103928452, Respon cepat. Packing bagus .Bonus sesuai.  segel packing terbuka.""['Respon', 'cepat', 'Packing', 'bagus', 'Bonus', 'sesuai', 'segel', 'packing', 'terbuka', 'Ok', 'Baik', 'Baik']""";
440;"103983495, deskripsi sesuai gambar dan berfungsi baik tanpa cacat 'berfungsi', 'baik', 'cacat', 'sesuai', 'sesuai', 'gambar', 'deskripsi']""";
441;"103985970, good lazada. good . Alhamdulilah Kirimin sesuai yg iklan kan. Cek Ready kh kakak 81k udh sma ongkir nya blom,good lazada,""['good', 'lazada', 'goodÃ°Å¸', 'â€˜', 'x08dÃ°Å¸', 'â€˜', 'x08dÃ°Å¸', 'â€˜', 'x08d', 'Alhamdulilah', 'Kirimin', 'sesuai', 'yg', 'iklan', 'kan', 'Cek', 'Ready', 'kh', 'kakak', '81k', 'udh', 'sma', 'ongkir', 'nya', 'blom']""";
442;104015911, al good.  Layak dapat 5 bintang karena lebih menghargai barang nyaketimbang box bungkusnya.;
443;"104074740,memuaskan. packing rapi dan  barang OK ['memuaskan', 'packing', 'rapi', 'barang', 'OK']""";
444;"104263123, pengiriman sesuai estimasi. moga2 bs berfungsi dgn baik krn pesanan pelangan ni['pengiriman', 'sesuai', 'estimasi', 'moga2', 'bs', 'berfungsi', 'dgn', 'baik', 'krn', 'pesanan', 'pelangan', 'ni']""";
445;"104263422, mantap deh pokokx. Recommended.  dah gtu aja. mantap dipakai. Lima Bintang. ""['deh', 'pokokx', 'mntap', 'Recomended', 'dah', 'gtu', 'aja', 'dipakai', 'mantap', 'Lima', 'Bintang']""";
446;"104263613, Barang mantab dan selalu puas dengan toko. ['Barang', 'mantab', 'selalu', 'puas', 'toko', 'Ã°Å¸Ëœx081']""";
447;"104395716,MANTAP. barang sesuai dengan gambar.  overal sangat bagus. Thanks. ""['MANTAP', 'barang', 'sesuai', 'gambar', 'overal', 'sangat', 'bagus', 'thanks']""";
448;"104489206,Memuaskan. Kualitas flashdisk bagus gak dalam kondisi cacat. produknya spesifikasi FD sesuai yang dicantumkan di deskripsi.  Lima Bintang . ""['Memuaskan', 'Kualitas', 'flashdisk', 'bagus', 'gak', 'kondisi', 'cacat', 'produknya', 'spesifikasi', 'FD', 'sesuai', 'dicantumkan', 'deskripsi', 'Lima', 'Bintang']""";
449;"104683820, Barang berfungsi dan  sesuai dengan deskripsi . terima ksihseler  lazada seler,barang sesuai deskripsi,""['Barang', 'sesuai', 'deskripsi', 'berfungsiterima', 'ksih', 'lazada', 'seler']""";
450;"104688499,proses pengiriman barang  lambat tapi barang ok,""['barang', 'proses', 'pengiriman', 'lambat']""";
451;"104926096,leptop barang asli,""['leptop', 'barang', 'asli']""";
452;"105072308, Pesan Falsdis dengan pengiriman cepet dan rapi.""['pengiriman', 'cepet', 'rapitks', 'sip', 'Pesan', 'Flasdis']""";
453;"105088859,Mantap. Barang cepat sampai dan sesuai deskripsi ['Mantap', 'Barang', 'cepat', 'sesuai', 'deskripsi']""";
454;"105088861,So far so good Barang cepat sampai dan bagus ['So', 'far', 'so', 'good', 'Barang', 'cepat', 'bagus']""";
455;"105103891,Mohon petunjuk, mao cicilan, cara gimana? ['Mao', 'cara', 'cicilan', 'gmn', 'Mohon', 'petunjuk', 'nya']""";
456;"106276900, bagus dan berfungsi baik ""['bagus', 'berfungsi', 'baik']""";
457;"106277037,Pengiriman cepat , kondisi barang bagus, dan Packing rapi,""['Pengiriman', 'cepat', 'Kondisi', 'barang', 'bagus', 'Packing', 'rapi']""";
458;"106302407,mau Pengiriman Cepat dan Produk sesuai""['Pengiriman', 'Cepat', 'Produk', 'sesuai', 'mau']""";
459;"106313399, terimakasih sudah dikirim sesuai pesanan ,""['diterima', 'terima', 'kasih', 'dikirim', 'sesuai', 'pesanan']""";
460;"106374699,25 USB 30 SATA Hd Box HD Hard Drive External Enclosure CaseWhite intl God and practical product with cheap price thanks,good and practical product,""['25', 'USB', '30', 'SATA', 'Hd', 'Box', 'HD', 'Hard', 'Drive', 'External', 'Enclosure', 'CaseWhite', 'intl', 'God', 'and', 'practical', 'product', 'with', 'cheap', 'price', 'thanks']""";
461;"106382239,barang OK dan sesuai dengan deskripsi,mantap. trima kasih lazada.,""['barang', 'OK', 'sesuai', 'deskripsi', 'mantap', 'trima', 'kasih', 'lazada', 'n', 'cristalawaking', 'sip']""";
462;"106385078, barang 30 Case HD external SAT sangat bagus dan sesuai yg d harapkan.  jg gk nysel dan  gk kecewa beli. thnks seler n lazada. Trmksh. barang memuaskan Pas Mantap,""bagus, sesuai yg di harapkan"",""['bagus', 'sesuai', 'yg', 'd', 'harapkan', 'gk', 'nysel', 'gk', 'kecewa', 'beli', 'jg', 'thnks', 'seler', 'n', 'lazada', '30', 'Case', 'HD', 'external', 'SATA', 'Trmksh', 'barang', 'memuaskan', 'Pas', 'Mantap']""";
463;"106489345, alhamdulilah.  Barang nya datang dan bagus. semua bonus nya lengkap sesuai picture.  pengiriman cepat rapih dan sesuai pesanan""['alhamdulilah', 'barang', 'datang', 'sesuai', 'Barang', 'nya', 'bagus', 'semua', 'bonus', 'nya', 'lengkap', 'sesuai', 'picture', 'pengiriman', 'cepat', 'rapih', 'sesuai', 'pesanan', 'Ã°Å¸', 'â€˜', 'x08d', 'bagus', 'Ã¢x09dÂ¤Ã¯Â¸x08f']""";
464;"106492683,  pemesanan barang sesuai dengan deskripsi karena pesan warna gold tapi dikirim silver Great. Barang datang sangat cepat 1 hari""['pesan', 'warna', 'gold', 'dikirim', 'silver', 'Great', 'Datang', 'sangat', 'cepat', '1', 'hari', 'pemesanan', 'barang', 'sesuai', 'deskripsi']""";
465;"106492686,,""kwalitas baik, kapasitas betul 4TB"",""['Seagate', 'Backup', 'Plus', 'Portable', 'Kwalitas', 'baikapasitas', 'betul', '4TB', 'sangat', 'murah', 'utk', 'menjadi', 'backup', 'data']""";
466;"106492688,barang nya cepat rusak dan lebih baik cari yg lain,""['barang', 'nya', 'cepat', 'rusak', 'lebih', 'baik', 'cari', 'yg']""";
467;"106492689, mantap.  packingan barang diterima rapi dan sesuai deskripsi. claim garansi cukup pakai no seri kota.  Pengiriman cepat dan kapasitas sesuai judul, barang sudah di terima. matnap""['mantap', 'barang', 'terimapackingan', 'rapi', 'barang', 'sesuai', 'deskripsi', 'claim', 'garansi', 'cukup', 'pakai', 'no', 'seri', 'kotak', 'Pengiriman', 'cepat', 'kapasitas', 'sesuai', 'judul']""";
468;"106492690,Mantap Sesuai warna beneran 5tb ad bonusnya Ga nyesel pertama kali bli barang mahal barang yg sesuai Trims Kenkez sesuai iklan nya keren,""sesuai warna, beneran 5TB dan ada bonusnya pula"",""['Mantap', 'Sesuai', 'warna', 'beneran', '5tb', 'ad', 'bonusnya', 'Ga', 'nyesel', 'pertama', 'kali', 'bli', 'barang', 'mahal', 'barang', 'yg', 'sesuai', 'Trims', 'Kenkez', 'sesuai', 'iklan', 'nya', 'keren']""";
469;106492692, ,,[];
470;"106577427,Pemasangan External case hardrive keren dan paling mudah dan cepat transfer data. sayang pengiriman dr lazada nya lama,""['keren', 'keren', 'paling', 'murah', 'External', 'case', 'hardrive', 'Pemasangan', 'mudah', 'transfer', 'data', 'jg', 'cepat', 'tp', 'sayang', 'pengiriman', 'dr', 'lazada', 'nya', 'lama']""";
471;"106595919,""paketnya udah mendarat, teimakasih"",""['terima', 'kasih', 'paketnya', 'udah', 'mendarat']""";
472;"106595990, mantap semoga awet,mantap semoga awet,""['mantap', 'semoga', 'awet']""";
473;"106879315, barang diterima dan kondisi bagus,""['Baramg', 'diterima', 'kondisi', 'bagus', 'sesuai', 'pesanan']""";
474;107069386,kualitas barang bagus sesuai pesanan dan banyak bonusnya. Pengiriman cepat dan kualitas packaging barang bagus.makasih,;
475;"107069392,puas Mantap gan,mantap gan,""['puas', 'Mantap', 'gan']""";
476;"107300104, barang berfungsi baik cuma pengiriman nya aja yg aga sedikit lama.  barang udah asli keren banget copy file 63 gb cuma 10 menit sped diatas 10 mbps recomended seler mantap sdh coba barang sesuai deskripsi kecepatan transfernya lambat barang berfungsi dgn baik cuma packing ekstrim nga adados nya ,barang berfungsi dengan baik,""['barang', 'berfungsi', 'baik', 'cuma', 'pengiriman', 'nya', 'aja', 'yg', 'aga', 'sedikit', 'lama', 'barang', 'udah', 'asli', 'keren', 'banget', 'copy', 'file', '63', 'gb', 'cuma', '10', 'menit', 'sped', 'diatas', '10', 'mbps', 'recomended', 'seler', 'mantap', 'sdh', 'coba', 'barang', 'sesuai', 'deskripsi', 'kecepatan', 'transfernya', 'lambat', 'barang', 'berfungsi', 'dgn', 'baik', 'cuma', 'packing', 'ekstrim', 'nga', 'adados', 'nya']""";
477;107541061, good,good,['good'];
478;"107541080, Kapasitas Membingungkan 2GB 16GB,2GB/ 16GB,""['Kapasitas', 'Membingungkan', '2GB', '16GB']""";
479;"107631278, Excelent delivery flashdrive good working put in PC,excellent delivery,""['Excelent', 'delivery', 'flashdrive', 'good', 'working', 'put', 'in', 'PC']""";
480;"108066952,Mantap.  Kualitas Barang Oke. Harga nya PALING Murah TAPI Pengiriman Sangat Lama dan  Pesan Warna Biru tapi Datang Warna Ungu""['Mantap', 'Kualitas', 'Barang', 'Oke', 'Mantap', 'Harga', 'nya', 'PALING', 'Murah', 'TAPI', 'Pengiriman', 'Sangat', 'Lama', 'Pesan', 'Warna', 'Biru', 'Datang', 'Warna', 'Ungu']""";
481;"108106822,Sepertinya ekspedisinya  abalabal .Baru dicolokin udah rusak dan bunyi bep berulang ulang. Untung  Kinerja direkturnya memuaska.  Hardisk external baru pake 2 mingu langsung hang, gan.  rusak,""['Baru', 'dicolokin', 'udah', 'rusak', 'bunyi', 'bep', 'berulang', 'ulang', 'Untung', 'diretur', 'Sepertinya', 'ekspedisinya', 'Kinerja', 'nya', 'memuaskan', 'Hardisk', 'external', 'abalabal', 'baru', 'pake', '2', 'mingu', 'hang', 'gan']""";
482;"108254448,Hd eksternal Sesuai apa dipromosikan bonusnya dicoba mudah mudahan,sesuai dengan apa yang dipromosukan bonusnya,""['Hd', 'eksternal', 'Sesuai', 'apa', 'dipromosikan', 'bonusnya', 'dicoba', 'mudah', 'mudahan']""";
483;"108404196, benar ram nya 8gb gak 4gb Ga sesuai spek Wah ga sesuai spek,ini bener ramnya 8gb gak 4gb,""['benar', 'ram', 'nya', '8gb', 'gak', '4gb', 'Ga', 'sesuai', 'spek', 'Wah', 'ga', 'sesuai', 'spek']""";
484;"108468276,kecewa Barang jgn beli nyesal ntar barang gk kepakai,""barang ini jgn dibeli, nyesal ntar"",""['kecewa', 'Barang', 'jgn', 'beli', 'nyesal', 'ntar', 'barang', 'gk', 'kepakai']""";
485;"108710879, b""barang bagus , good respon seller"",""['barang', 'bagusgoods', 'respon', 'seler', 'Lima', 'Bintang', 'Barang', 'udah', 'terima', 'makasih', 'lazada']""";
486;"108831542, Bintang bicara ,bintang bicara,""['Bintang', 'bicara']""";
487;"108854604,Mengecewakan. Barang yg dikirim ternyata KW. kecewa karena barang palsu dan perlu tindak lanjuti sebagai penipuan,""['Mengecewakan', 'Barang', 'yg', 'dikirim', 'ternyata', 'KW', 'kecewa', 'Iklan', 'sesui', 'brg', 'Kecewa', 'bgtbrg', 'palsuperlu', 'tindak', 'lanjuti', 'penipuan']""";
488;"108886997,Terimakasih Oke,oke,""['Terimakasih', 'Oke']""";
489;"109471537,""mantap banget, sesuai deskripsi"",""['Laptop', 'Keren', 'Mantap', 'banget', 'sesuai', 'diskripsi', 'semoga', 'beli', 'kerjan']""";
490;"109550524,""seller ramah, pengiriman cepat dan sesuai deskripsi"",""['Asus', 'an45ur', 'dark', 'blue', 'Seler', 'ramah', 'pengiriman', 'aman', 'cepat', 'deskripsi', 'sesuai', 'plus', 'diskon', 'voucher', 'lazada', 'Makasih', 'pasar', 'tablet', 'lazada']""";
491;"109552110,Gan, tanya, Bisa bayar dngan cicil?""['Tanya', 'Bisa', 'bayar', 'dngan', 'cicil', 'gan']""";
492;"109608252, pesan sekarang besok diterima. sayang segelnya terbuka dan warna bukan bir. semoga kualitas original ""['oke', 'pesan', 'sekarang', 'besok', 'diterima', 'sayang', 'segelnya', 'terbuka', 'warna', 'bukan', 'biru', 'semoga', 'kualitas', 'original']""";
493;"109616483,Tipis Menghidupkan HD External ngadat Sesuai judul produknya recomended degh Gampang pengunanya,produknya recommended ,""['Tipis', 'Menghidupkan', 'HD', 'External', 'ngadat', 'Sesuai', 'judul', 'produknya', 'recomended', 'degh', 'Gampang', 'pengunanya']""";
494;"109669519,Tiga Bintang. Ini serius ga. n Murah banget buset,murah banget buset,""['Tiga', 'Bintang', 'Ini', 'serius', 'gan', 'Murah', 'banget', 'buset']""";
495;109669579, Bekas,bekas ya,['Bekas'];
496;"110191682,  Recomended seler karena  barangnya original semua ,sdh diterima dgn keadaan normal,""['Sdh', 'diterima', 'dgn', 'keadan', 'normal', 'Recomended', 'seler', 'barangnya', 'original', 'semua']""";
497;"110191943, real produc  dan kualitas barang baik. terimakasih lazada. ""['real', 'produc', 'terimakasih', 'lazada', 'Mantap', 'barang', 'kualitas', 'baik', 'cepat', 'terima', 'kasih', 'original', 'sip', 'mantap', 'Dua', 'Bintang']""";
498;"110195535,Terima kasih. Very good.  Barangnya udah sampai dan bagus sekali ""['Terima', 'kasih', 'Barangnya', 'udah', 'bagus', 'sekali', 'very', 'good']""";
499;"110195833, Bagus. Recomended seler.  barangnya original semua dan bagus. terimakasih banyak,""['Bagus', 'T', 'Ksh', 'boanyak', 'Recomended', 'seler', 'barangnya', 'original', 'semua']""";
500;"110270853, bagus. semoga awet so safety i like it aman packing rapi sip bagus sesuai picture recomended deh wat yg pokoke mantul udh sampe lama bgt Mantap lah ,so safety i like it,""['bagus', 'semoga', 'awet', 'so', 'safety', 'i', 'like', 'it', 'aman', 'packing', 'rapi', 'sip', 'bagus', 'sesuai', 'picture', 'recomended', 'deh', 'wat', 'yg', 'pokoke', 'mantul', 'udh', 'sampe', 'lama', 'bgt', 'Mantap', 'lah']""";
501;"110292878, respon pengiriman cepat batang diterima sesuaideskripsi Kualitas Pengiriman cepat kualitas uji coba so far masalah,pengiriman dan barang sesuai deskripsi,""['respon', 'pengiriman', 'cepat', 'batang', 'diterima', 'sesuaideskripsi', 'Kualitas', 'Pengiriman', 'cepat', 'kualitas', 'uji', 'coba', 'so', 'far', 'masalah']""";
502;"110296085, Barang ori Mini fungsional Overal oke mendarat dan packing cepat, aman dan pastinya harga bersaing dan terima garansi. thank lazada. sukses slalu. mantul gan.   berbicara halo Mengapa tertera barang diterima Sedangkan kenyatanya barang terima Mohon perhatianya Atas nama pembeli Maria Sianturi barang sdh sangat cepat sesuai orderan tq lazada Barang AmanBagus Packing Kerdus SIP Pengiriman Cepat Sejauh memuaskan Isi sesuai Usb dua2nya jalan mantul God barang cepet Saya suka kurirnya ramahbarangnya asli no minus bagus pengiriman cepat Barangnya bagus Barang bagus Barang ori berfungsi dg baik Okay barangnya berfungsi dgn baik thx lazada pengiriman cepat sekali semoga awet OTG nya sepertinya berfungsi dgn baik terima kasih God mantul ,barang ori thank lazada sukses selalu,""['Barang', 'ori', 'thank', 'lazada', 'sukses', 'slalu', 'mantul', 'gan', 'pengiriman', 'cepat', 'packing', 'aman', 'berfungsi', 'dgn', 'baik', 'harga', 'bersaing', 'pastinya', 'bersedia', 'terima', 'garansi', 'jos', 'Mini', 'fungsional', 'Overal', 'oke', 'mendarat', 'packing', 'rapi', 'biar', 'bintang', 'yg', 'berbicara', 'halo', 'Mengapa', 'tertera', 'barang', 'diterima', 'Sedangkan', 'kenyatanya', 'barang', 'terima', 'Mohon', 'perhatianya', 'Atas', 'nama', 'pembeli', 'Maria', 'Sianturi', 'barang', 'sdh', 'sangat', 'cepat', 'sesuai', 'orderan', 'tq', 'lazada', 'Barang', 'AmanBagus', 'Packing', 'Kerdus', 'SIP', 'Pengiriman', 'Cepat', 'Sejauh', 'memuaskan', 'Isi', 'sesuai', 'Usb', 'dua2nya', 'jalan', 'mantul', 'God', 'barang', 'cepet', 'Saya', 'suka', 'kurirnya', 'ramahbarangnya', 'asli', 'no', 'minus', 'bagus', 'pengiriman', 'cepat', 'Barangnya', 'bagus', 'Barang', 'bagus', 'Barang', 'ori', 'berfungsi', 'dg', 'baik', 'Okay', 'barangnya', 'berfungsi', 'dgn', 'baik', 'thx', 'lazada', 'pengiriman', 'cepat', 'sekali', 'semoga', 'awet', 'OTG', 'nya', 'sepertinya', 'berfungsi', 'dgn', 'baik', 'terima', 'kasih', 'God', 'mantul']""";
503;"110505477,God. Pengiriman barang cepat dan Barangnya bagus sesuai dengan gambar  dan  lgsung digunakan. nice thanks lazada ,['God', 'Barangnya', 'bagus', 'sesuai', 'gambar', 'pengirimanya', 'jg', 'cepat', 'brg', 'datang', 'lgsung', 'digunakan', 'nice', 'thanks', 'lazada']""";
504;"110508546,Pengembalian barang TV LCD yang Salah kirim gk pake baca barang ""['Pengembalian', 'barang', 'Salah', 'kirim', 'barang', 'gk', 'pake', 'gk', 'baca', 'sma', 'tv', 'LCD', 'kecewA', 'nyesel', 'ga', 'rusak']""";
505;"111593559, maaf baru sempat tulis ulasan untuk Barang 1 tahun yg lalu,""['Barang', '1', 'tahun', 'yg', 'lalu', 'maf', 'baru', 'sempat', 'tulis', 'ulasanÃ°Å¸', 'â€˜', 'x08dÃ°Å¸', 'â€˜', 'x08dÃ°Å¸', 'â€˜', 'x08d']""";
506;"113446818,Bintang berbicara. Terimakasih. Semoga usahanya aloh suskes dan lancar. barokah mas komaru,""['Bintang', 'berbicara', 'Terimakasih', 'sukses', 'Semoga', 'usahanya', 'aloh', 'beri', 'lancar', 'barokah', 'mas', 'komaru']""";
507;"113456438,Alhamdulilah paket diterima dengan baik. Paket isi file Video edukasi anak  sesuai['Video', 'edukasi', 'anak', 'Alhamdulilah', 'paket', 'diterima', 'baik', 'Isi', 'file', 'sesuai', 'Mantap', 'Bagus']""";
508;"113524391, Mantap. rekomended seler.  terima kasih gan. barang sesuai pouch . Barang original sesuai gambar. Top Top Barang bagus Bagus Bagus Bagus,terimakasih gan,""['Mantap', 'rekomended', 'seler', 'barang', 'terima', 'kasih', 'gan', 'barang', 'sesuai', 'pouch', 'mantap', 'Sesuai', 'Barang', 'original', 'sesuai', 'gambar', 'Top', 'Top', 'Barang', 'bagus', 'Bagus', 'Bagus', 'Bagus']""";
